NRO	ANIO	TIPO	ORIGEN	CARATULA	MESA	DAE	AUTOR	COM1	COM2	COM3	COM4	COM5
1088	2024	PD	S	"MENDOZA: PROYECTO DE DECLARACIÓN QUE DECLARA DE INTERES LA OBRA MUSICAL DE FOLCLORE CON ARREGLOS SINFONICOS: ""CANTATA A CAMILA O'GORMAN"", A REALIZARSE EN EL CABILDO DE LA CDAD. DE BS.AS., EL 15 DE JULIO DE 2024."	28/06/2024	54/2024	MENDOZA, SANDRA MARIELA	DE EDUCACIÓN Y CULTURA				
1085	2024	PD	S	DURE: PROYECTO DE DECLARACIÓN QUE EXPRESA BENEPLACITO POR EL ANIVERSARIO DEL NATALICIO DE LOHANA BERKINS, EL 15 DE JUNIO DE 2024.	27/06/2024	54/2024		BANCA DE LA MUJER	BANCA DE LA MUJER			
1084	2024	PC	S	DURE: PROYECTO DE COMUNICACIÓN QUE SOLICITA INFORME SOBRE EL ESTADO DE SITUACIÓN DE LAS POLÍTICAS PÚBLICAS DESTINADAS A LA LUCHA EN CONTRA DE LA TRATA Y EXPLOTACIÓN DE PERSONAS.	27/06/2024	54/2024		DE DERECHOS Y GARANTÍAS				
1081	2024	PL	S	FAMA Y OTROS: PROYECTO DE LEY QUE MODIFICA EL ARTICULO 18° DE SU SIMILAR 24.449 - LEY DE TRANSITO -, RESPECTO A LA MODIFICACION DE DATOS EN LICENCIA DE CONDUCTOR.	27/06/2024	54/2024	FAMA, FLAVIO SERGIO	DE INFRAESTRUCTURA, VIVIENDA Y TRANSPORTE				
1078	2024	PL	S	AVILA: PROYECTO DE LEY QUE MODIFICA EL ART. 8° DE SU SIMILAR 24.240- DEFENSA AL CONSUMIDOR-, RESPECTO A LOS AVISOS PUBLICITARIOS REALIZADOS POR CUALQUIER MEDIO DE COMUNICACIÓN.	27/06/2024	54/2024	AVILA, BEATRIZ LUISA	DE DERECHOS Y GARANTÍAS				
1077	2024	PL	S	AVILA: PROYECTO DE LEY SOBRE PLAN NACIONAL DE CONECTIVIDAD DEL SISTEMA EDUCATIVO.	27/06/2024	54/2024	AVILA, BEATRIZ LUISA	DE EDUCACIÓN Y CULTURA	DE SISTEMAS, MEDIOS DE COMUNICACIÓN Y LIBERTAD DE EXPRESIÓN	DE PRESUPUESTO Y HACIENDA		
1075	2024	PD	S	"AVILA: PROYECTO DE DECLARACION QUE ADHIERE AL ""DIA INTERNACIONAL DE LA LUCHA CONTRA EL USO INDEBIDO Y EL TRAFICO ILICITO DE DROGAS"" EL 26 DE JUNIO DE 2024."	27/06/2024	53/2024	AVILA, BEATRIZ LUISA	DE SEGURIDAD INTERIOR Y NARCOTRÁFICO				
1074	2024	PD	S	"AVILA: PROYECTO DE DECLARACION QUE DECLARA DE INTERES EL ""37° CONGRESO ARGENTINO DE ORL Y ACTIVIDADES CONEXAS"", A DESARROLLARSE EN CABA DEL 15 AL 17 DE AGOSTO DE 2024."	27/06/2024	53/2024	AVILA, BEATRIZ LUISA	DE SALUD				
1072	2024	PD	S	"AVILA: PROYECTO DE DECLARACION QUE ADHIERE AL ""DIA DE LAS MICROEMPRESAS Y LAS PEQUEÑAS Y MEDIANAS EMPRESAS"" EL 27 DE JUNIO DE 2024."	27/06/2024	53/2024	AVILA, BEATRIZ LUISA	DE ECONOMÍAS REGIONALES, ECONOMÍA SOCIAL, MICRO, PEQUEÑA Y MEDIANA EMPRESA				
1071	2024	PD	S	LEAVY: PROYECTO DE DECLARACIÓN QUE EXPRESA BENEPLACITO POR LA CONMEMORACION DEL DIA NACIONAL DEL MEDICO RURAL, EL 4 DE JULIO DE 2024.	27/06/2024	53/2024		DE SALUD				
1068	2024	PL	S	CRISTINA: PROYECTO DE LEY QUE DECLARA EL 29 DE JUNIO DE CADA AÑO COMO DIA NACIONAL DE LA CONCIENTIZACION Y DIFUSION SOBRE LA ESCLERODERMIA.	27/06/2024	53/2024	CRISTINA, ANDREA MARCELA	DE SALUD	DE SALUD			
1065	2024	PD	S	GARCIA LARRABURU: PROYECTO DE DECLARACIÓN QUE REPUDIA LA REPRESIÓN Y LAS 35 DETENCIONES EFECTUADAS EN LA MANIFESTACIÓN DEL 12 DE JUNIO DE 2024.	27/06/2024	53/2024		DE SEGURIDAD INTERIOR Y NARCOTRÁFICO				
1063	2024	PL	S	ABAD: PROYECTO DE LEY DE CIUDADANÍA Y NATURALIZACIÓN.	26/06/2024	53/2024	ABAD, MAXIMILIANO	DE ASUNTOS CONSTITUCIONALES	DE JUSTICIA Y ASUNTOS PENALES			
1062	2024	PD	S	"ABAD: PROYECTO DE DECLARACION QUE EXPRESA BENEPLACITO POR LA NOMINACION OBTENIDA POR EL PUEBLO DE SALDUNGARAY, PROV. DE BS. AS., PARA COMPETIR EN LA INICIATIVA ""BEST TOURISM VILLAGES"" (MEJORES PUEBLOS TURISTICOS)."	26/06/2024	53/2024	ABAD, MAXIMILIANO	DE TURISMO				
1061	2024	PD	S	"VALENZUELA: PROYECTO DE DECLARACION QUE DECLARA DE INTERES A LA FUNDACION ""RED POR LA INFANCIA"", POR SU COMPROMISO Y LABOR EN EL ABORDAJE INTEGRAL SOBRE LAS VIOLENCIAS QUE SUFREN NIÑAS, NIÑOS, ADOLESCENTES Y MUJERES."	26/06/2024	53/2024	VALENZUELA, MERCEDES GABRIELA	BANCA DE LA MUJER				
1060	2024	PD	S	VALENZUELA: PROYECTO DE DECLARACION QUE DECLARA DE INTERES LAS JORNADAS DE TRABAJO VINCULADAS A PREVENIR Y RESPONDER LA VIOLENCIA CONTRA NIÑAS, NIÑOS Y ADOLESCENTES, DEL INSPIRE WORKING GROUP, EN CABA DEL 26 AL 28 DE JUNIO DE 2024.	26/06/2024	53/2024	VALENZUELA, MERCEDES GABRIELA	DE POBLACIÓN Y DESARROLLO  HUMANO				
1058	2024	PD	S	BLANCO: PROYECTO DE DECLARACIÓN QUE RECONOCE A LA UNION CIVICA RADICAL AL CUMPLIRSE EL 133° ANIVERSARIO DE SU CREACION, EL 26 DE JUNIO DE 2024	26/06/2024	53/2024		DE EDUCACIÓN Y CULTURA				
1056	2024	PD	S	"CRISTINA: PROYECTO DE DECLARACION QUE EXPRESA BENEPLACITO POR LA CELEBRACION DEL ""DIA DE LA PROVINCIA DEL CHUBUT"", EL 28 DE JUNIO DE 2024."	25/06/2024	53/2024	CRISTINA, ANDREA MARCELA	DE ASUNTOS ADMINISTRATIVOS Y MUNICIPALES				
1055	2024	PD	S	DURE: PROYECTO DE DECLARACION QUE EXPRESA BENEPLACITO POR EL 30° ANIVERSARIO DE LA CREACION DE LA CONVENCION INTERAMERICANA PARA PREVENIR, SANCIONAR Y ERRADICAR LA VIOLENCIA CONTRA LA MUJER, CONVENCION BELEM DO PARÁ, EL 9 DE JUNIO DE CADA AÑO.	25/06/2024	52/2024		BANCA DE LA MUJER	BANCA DE LA MUJER			
1053	2024	PL	S	BLANCO: PROYECTO DE LEY QUE RECONOCE A LA PROVINCIA DE TIERRA DEL FUEGO, ANTÁRTIDA E ISLAS DEL ATLÁNTICO SUR LA CALIDAD DE AERODEPENDIENTE.	25/06/2024	52/2024		DE INFRAESTRUCTURA, VIVIENDA Y TRANSPORTE				
1052	2024	PL	S	"RODAS: PROYECTO DE LEY QUE MODIFICA EL CÓDIGO PENAL, SOBRE TIPIFICACION PENAL DE LAS CONDUCTAS CONOCIDAS COMO ""COMPRA"" Y ""VENTA"" DE NIÑOS Y NIÑAS Y DE LAS CONCERNIENTES A LA INTERMEDIACION EN TALES HECHOS."	25/06/2024	52/2024		DE JUSTICIA Y ASUNTOS PENALES	DE JUSTICIA Y ASUNTOS PENALES			
1048	2024	PR	S	RECALDE Y OTROS: PROYECTO DE RESOLUCION QUE ADECUA EN FAVOR DE LA COMISION DE CIENCIA Y TECNOLOGIA, PASAJES Y TASAS DE AEROPUERTO, PARA LA DELEGACION ARGENTINA EN LAS 65º OLIMPIADA INTERNACIONAL DE MATEMATICA, EN LA CDAD. DE BATH, REINO UNIDO, ENTRE EL 11 Y 22 DE JULIO DE 2024.	24/06/2024	52/2024	RECALDE, MARIANO	DE CIENCIA Y TECNOLOGÍA	DE PRESUPUESTO Y HACIENDA			
1046	2024	PD	S	"LEWANDOWSKI: PROYECTO DE DECLARACIÓN QUE EXPRESA BENEPLÁCITO AL CELEBRARSE EL 28° ANIVERSARIO DEL NACIMIENTO DE LA AGRUPACIÓN MUSICAL ""CANTO LIBRE"" DE LA PROV. DE SANTA FE, EL 10 DE JUNIO DE 2024."	24/06/2024	52/2024	LEWANDOWSKI, MARCELO NÉSTOR	DE EDUCACIÓN Y CULTURA				
1045	2024	PD	S	ABDALA: PROYECTO DE DECLARACIÓN QUE EXPRESA PREOCUPACIÓN Y REPUDIO POR LA DECISIÓN DEL GOB. DE LA PROV. DE SAN LUIS, DE REALIZAR LA SUBASTA O VENTA DEL EMBLEMÁTICO EDIFICIO DONDE SE EMPLAZA LA CASA DE SAN LUIS EN CABA	19/06/2024	52/2024	ABDALA, BARTOLOMÉ ESTEBAN	DE EDUCACIÓN Y CULTURA				
1040	2024	PD	S	"ZIMMERMANN: PROYECTO DE DECLARACIÓN QUE ADHIERE A LA CONMEMORACION DEL ""DIA DE LAS MICROEMPRESAS Y LAS PEQUEÑAS Y MEDIANAS EMPRESAS"", EL 27 DE JUNIO DE 2024."	19/06/2024	52/2024		DE ECONOMÍAS REGIONALES, ECONOMÍA SOCIAL, MICRO, PEQUEÑA Y MEDIANA EMPRESA				
1039	2024	PD	S	"ZIMMERMANN: PROYECTO DE DECLARACIÓN QUE EXPRESA BENEPLACITO POR LOS 133 AÑOS DE LA CREACION DE LA ""UNION CIVICA RADICAL"", EL 26 DE JUNIO DE 2024."	19/06/2024	52/2024		DE EDUCACIÓN Y CULTURA				
1034	2024	PL	S	LEAVY: PROYECTO DE LEY SOBRE REGIMEN LEGAL PARA INFLUENCIADORES O INFLUENCERS EN SERVICIOS PUBLICITARIOS DIGITALES EN REDES SOCIALES EN TODAS SUS MODALIDADES.	19/06/2024	51/2024		DE LEGISLACIÓN GENERAL	DE SISTEMAS, MEDIOS DE COMUNICACIÓN Y LIBERTAD DE EXPRESIÓN	DE JUSTICIA Y ASUNTOS PENALES		
1033	2024	PL	S	ABDALA: PROYECTO DE LEY QUE DECLARA MONUMENTO HISTORICO NACIONAL AL EDIFICIO SEDE DE LA CASA DE SAN LUIS, EN LA CALLE AZCUENAGA 1083/87 DE CABA. EN LOS TERMINOS DE LA LEY 12.665.	18/06/2024	51/2024	ABDALA, BARTOLOMÉ ESTEBAN	DE EDUCACIÓN Y CULTURA				
1030	2024	PD	S	"CRISTINA: PROYECTO DE DECLARACIÓN QUE EXPRESA BENEPLÁCITO POR LA CONMEMORACIÓN DEL ""DIA DE LA BANDERA DE LA PROV. DEL CHUBUT"", A CELEBRARSE EL 15 DE JUNIO DE 2024."	14/06/2024	51/2024	CRISTINA, ANDREA MARCELA	DE EDUCACIÓN Y CULTURA				
1029	2024	PL	S	HUALA Y AVILA: PROYECTO DE LEY QUE MODIFICA EL CÓDIGO PENAL DE LA NACIÓN SOBRE DELITOS POR SINIESTROS VIALES, INCREMENTO DE SU ESCALA PUNITIVA, AGRAVANTES Y EXCEPCIÓN DE SUSPENSIÓN DEL PROCESO A PRUEBA.	14/06/2024	51/2024	HUALA, MARÍA VICTORIA - AVILA, BEATRIZ LUISA - VALENZUELA, MERCEDES GABRIELA - FAMA, FLAVIO SERGIO - KRONEBERGER, DANIEL RICARDO - BEDIA, VILMA FACUNDA - ARRASCAETA, IVANNA MARCELA - JUEZ, LUIS ALFREDO - ROJAS DECUT, SONIA ELIZABETH	DE JUSTICIA Y ASUNTOS PENALES				
1027	2024	PD	S	AVILA: PROYECTO DE DECLARACION QUE ADHIERE AL DIA MUNDIAL DE TOMA DE CONCIENCIA DEL ABUSO Y MALTRATO EN LA VEJEZ, EL 15 DE JUNIO DE 2024.	13/06/2024	51/2024	AVILA, BEATRIZ LUISA	DE POBLACIÓN Y DESARROLLO  HUMANO				
1026	2024	PD	S	AVILA: PROYECTO DE DECLARACION QUE ADHIERE AL DIA INTERNACIONAL DE SENSIBILIZACION SOBRE EL ALBINISMO, EL 13 DE JUNIO DE 2024.	13/06/2024	51/2024	AVILA, BEATRIZ LUISA	DE SALUD				
1025	2024	PD	S	AVILA: PROYECTO DE DECLARACION QUE ADHIERE AL DIA MUNDIAL CONTRA EL TRABAJO INFANTIL, EL 12 DE JUNIO DE 2024.	13/06/2024	51/2024	AVILA, BEATRIZ LUISA	DE POBLACIÓN Y DESARROLLO  HUMANO				
1024	2024	PD	S	AVILA: PROYECTO DE DECLARACION QUE ADHIERE AL DIA MUNDIAL DEL DONANTE DE SANGRE, EL 14 DE JUNIO DE 2024.	13/06/2024	51/2024	AVILA, BEATRIZ LUISA	DE SALUD				
1023	2024	PD	S	"GIMENEZ NAVARRO: PROYECTO DE DECLARACIÓN QUE DECLARA DE INTERÉS EL LIBRO DE LITERATURA INFANTIL ""JOAQUÍN Y EL ESPEJO MAGICO"", ESCRITO POR BRENDA AGUSTINA GUZMAN."	13/06/2024	51/2024	GIMÉNEZ NAVARRO, MARÍA CELESTE	DE EDUCACIÓN Y CULTURA	DE EDUCACIÓN Y CULTURA			
1022	2024	PC	S	GARCIA LARRABURU Y CORPACCI: PROYECTO DE COMUNICACIÓN QUE SOLICITA DIVERSOS INFORMES RELACIONADOS AL MANTENIMIENTO Y SEGURIDAD VIAL DE LAS RUTAS QUE ATRAVIESAN LA PROV. DE RIO NEGRO.	13/06/2024	51/2024	CORPACCI, LUCÍA BENIGNA	DE INFRAESTRUCTURA, VIVIENDA Y TRANSPORTE				
1021	2024	PL	S	TAGLIAFERRI: PROYECTO DE LEY QUE CREA EL REGIMEN DE PRACTICAS EDUCATIVAS OBLIGATORIAS Y GRATUITAS PARA ESTUDIANTES DEL ULTIMO AÑO DE ESTABLECIMIENTOS EDUCATIVOS DEL NIVEL DE EDUCACION SECUNDARIA DEL SISTEMA EDUCATIVO NACIONAL DE GESTION ESTATAL, PRIVADA Y SOCIAL.	13/06/2024	51/2024		DE EDUCACIÓN Y CULTURA	DE TRABAJO Y PREVISIÓN SOCIAL			
1020	2024	PD	S	"GARCIA LARRABURU Y CORPACCI: PROYECTO DE DECLARACION QUE EXPRESA BENEPLACITO POR LA DONACION DE INSTRUMENTOS MUSICALES EFECTUADA POR EL MAESTRO JUAN KEEN DE LA ASOCIACION AMADEUS, ARTE SOLIDARIO Y COMUNITARIO, DE LA PROV. DEL NEUQUEN, A LA ESCUELA N° 266 ""DOMINGO FAUSTINO SARMIENTO"", DE SAN CARLOS"	13/06/2024	51/2024	CORPACCI, LUCÍA BENIGNA	DE EDUCACIÓN Y CULTURA				
1016	2024	PC	S	MOISES: PROYECTO DE COMUNICACIÓN QUE SOLICITA INFORME SOBRE DIVERSOS PUNTOS RELACIONADOS AL CIERRE DE LA SUBSECRETARÍA DE PROTECCIÓN CONTRA LA VIOLENCIA DE GENERO, DEPENDIENTE DE LA SECRETARIA DE JUSTICIA DEL MINISTERIO DE JUSTICIA DE LA NACIÓN.	11/06/2024	51/2024	MOISES, MARÍA CAROLINA	BANCA DE LA MUJER	BANCA DE LA MUJER			
1015	2024	PD	S	KIRCHNER Y OTROS: PROYECTO DE DECLARACION QUE EXPRESA PREOCUPACION POR POSIBLES MODIFICACIONES A LA BARRERA ZOOFITOSANITARIA PATAGONICA.	11/06/2024	50/2024	KIRCHNER, ALICIA MARGARITA ANTONIA	DE AGRICULTURA, GANADERÍA Y PESCA				
1013	2024	PD	S	GOERLING LARA: PROYECTO DE DECLARACIÓN QUE EXPRESA BENEPLÁCITO Y RECONOCIMIENTO A LA ATLETA MISIONERA MARIELA DELGADO, QUE SE DESEMPEÑA EN LA DISCIPLINA PARACICLISMO, POR HABER OBTENIDO ESTE AÑO TRES MEDALLAS EN LA PRUEBA DE PELOTÓN DE RUTA EN LAS COPAS DEL MUNDO, REALIZADAS EN AUSTRALIA, BÉLG	11/06/2024	50/2024	GOERLING LARA, ENRIQUE MARTÍN	DE DEPORTE				
1011	2024	PD	S	OLALLA Y OTROS: PROYECTO DE DECLARACION QUE DECLARA DE INTERES EL PROYECTO IMPULSADO POR LA UNIVERSIDAD NACIONAL DEL NORDESTE (UNNE) PARA PROMOVER EL AVANCE DE LA BIOTECNOLOGIA.	11/06/2024	50/2024	VALENZUELA, MERCEDES GABRIELA	DE CIENCIA Y TECNOLOGÍA				
1008	2024	PD	S	"ZIMMERMANN: PROYECTO DE DECLARACION QUE ADHIERE A LA CONMEMORACION DEL ""DIA MUNDIAL DEL DONANTE DE SANGRE"" EL 14 DE JUNIO DE 2024."	10/06/2024	50/2024		DE SALUD				
1006	2024	PD	S	"ZIMMERMANN: PROYECTO DE DECLARACION QUE EXPRESA BENEPLACITO POR LOS 106 AÑOS DE LA ""REFORMA UNIVERSITARIA"" A CONMEMORARSE EL 15 DE JUNIO DE 2024."	10/06/2024	50/2024		DE EDUCACIÓN Y CULTURA				
1005	2024	PD	S	"ZIMMERMANN: PROYECTO DE DECLARACION QUE ADHIERE A LA CONMEMORACION DEL ""DIA MUNDIAL CONTRA EL TRABAJO INFANTIL"" EL 12 DE JUNIO."	10/06/2024	50/2024		DE POBLACIÓN Y DESARROLLO  HUMANO				
1003	2024	PD	S	CRISTINA: PROYECTO DE DECLARACIÓN QUE EXPRESA PREOCUPACION Y RECHAZA LA MEDIDA DEL SENASA, RESPECTO DE PERMITIR EL INGRESO DE HACIENDA DE PIE Y/O CARNE CON HUESO DESDE LA ZONA LIBRE DE FIEBRE AFTOSA QUE PRACTICA LA VACUNACIÓN A LA ZONA LIBRE DE FIEBRE AFTOSA SIN VACUNACIÓN.	10/06/2024	50/2024	CRISTINA, ANDREA MARCELA	DE AGRICULTURA, GANADERÍA Y PESCA				
1001	2024	PC	S	BENSUSAN: PROYECTO DE COMUNICACIÓN QUE SOLICITA INFORME SOBRE DIVERSAS CUESTIONES RELACIONADAS A LA MERCADERIA ACOPIADA Y PROXIMA A VENCER, DESTINADA A COMEDORES Y MERENDEROS.	10/06/2024	50/2024	BENSUSÁN, DANIEL PABLO	DE POBLACIÓN Y DESARROLLO  HUMANO				
1000	2024	PD	S	"OLALLA: PROYECTO DE DECLARACION QUE ADHIERE A LA CELEBRACIÓN DEL ""DIA DEL PERIODISTA"", EL 7 DE JUNIO DE CADA AÑO."	07/06/2024	50/2024		DE SISTEMAS, MEDIOS DE COMUNICACIÓN Y LIBERTAD DE EXPRESIÓN				
999	2024	PD	S	TAGLIAFERRI: PROYECTO DE DECLARACIÓN QUE EXPRESA BENEPLÁCITO POR EL 35° ANIVERSARIO DE LA CREACIÓN DE LA FUNDACIÓN HUÉSPED.	06/06/2024	50/2024		DE CIENCIA Y TECNOLOGÍA				
996	2024	PC	S	ALVAREZ RIVERO: PROYECTO DE COMUNICACIÓN QUE SOLICITA LA CONSTRUCCIÓN DE LA AUTOVÍA 158 QUE UNIRÁ A LAS CIUDADES DE SAN FRANCISCO Y RIO CUARTO EN LA PROV. DE CÓRDOBA Y OTRAS CUESTIONES CONEXAS.	06/06/2024	50/2024	ALVAREZ RIVERO, CARMEN	DE INFRAESTRUCTURA, VIVIENDA Y TRANSPORTE				
994	2024	PR	S	MAYANS Y OTROS: PROYECTO DE RESOLUCION QUE CITA PARA SU INTERPELACIÓN A LA MINISTRA DE CAPITAL HUMANO DE LA NACIÓN, SANDRA PETTOVELLO EN LOS TÉRMINOS DEL ART. 71 DE LA C.N. Y ARTICULO 214 DEL REGLAMENTO DEL H. SENADO.	05/06/2024	49/2024	MAYANS, JOSÉ MIGUEL ÁNGEL	DE ASUNTOS CONSTITUCIONALES	DE POBLACIÓN Y DESARROLLO  HUMANO	DE TRABAJO Y PREVISIÓN SOCIAL		
993	2024	PD	S	LEAVY: PROYECTO DE DECLARACION QUE EXPRESA BENEPLACITO POR LA ENTREGA DEL TITULO DE DOCTOR HONORIS CAUSA, DE LA UNIVERSIDAD NACIONAL DE SALTA (UNSA) AL PAPA FRANCISCO.	05/06/2024	49/2024		DE EDUCACIÓN Y CULTURA				
991	2024	PD	S	PILATTI VERGARA Y OTROS: PROYECTO DE DECLARACION QUE EXPRESA PESAR POR EL FALLECIMIENTO DE NORA MORALES DE CORTIÑAS, MADRE DE PLAZA DE MAYO, EL 30 DE MAYO DE 2024.	05/06/2024	49/2024	LÓPEZ, CÁNDIDA CRISTINA	DE EDUCACIÓN Y CULTURA				
990	2024	PD	S	"VISCHI: PROYECTO DE DECLARACION QUE DECLARA DE INTERES LA REALIZACION DEL III CONGRESO INTERNACIONAL DE ZOONOSIS ""DR. OMAR BOTINELLI"", EL V CONGRESO INTERNACIONAL DE ENFERMEDADES TRANSMITIBLES Y EL III CONGRESO IBEROAMERICANO DE EQUINOCOCOSIS, EN LA CDAD. DE CORRIENTES DEL 13 AL 15 DE NOVIEMBRE DE 2"	05/06/2024	49/2024	VISCHI, EDUARDO ALEJANDRO	DE SALUD				
988	2024	PD	S	"DURE: PROYECTO DE DECLARACION QUE EXPRESA BENEPLACITO AL ""DIA QUE MADRYN SE QUEDO SIN PAN"", A CONMEMORARSE EL 19 DE JUNIO DE CADA AÑO."	05/06/2024	49/2024		DE EDUCACIÓN Y CULTURA				
987	2024	PD	S	MONTENEGRO: PROYECTO DE DECLARACION QUE EXPRESA BENEPLACITO POR EL 30° ANIVERSARIO DE LA REFORMA CONSTITUCIONAL ARGENTINA DE 1994.	05/06/2024	49/2024		DE EDUCACIÓN Y CULTURA				
986	2024	PL	S	SUAREZ Y JURI: PROYECTO DE LEY SOBRE VOCACION HEREDITARIA DEL CONVIVIENTE.	05/06/2024	49/2024	SUÁREZ, RODOLFO ALEJANDRO - JURI, MARIANA	DE LEGISLACIÓN GENERAL				
984	2024	PL	S	BENSUSAN: PROYECTO DE LEY DE FINANCIAMIENTO DE LA EDUCACIÓN UNIVERSITARIA.	05/06/2024	49/2024	BENSUSÁN, DANIEL PABLO	DE EDUCACIÓN Y CULTURA	DE PRESUPUESTO Y HACIENDA			
978	2024	PL	S	GALARETTO Y OTROS: PROYECTO DE LEY QUE CREA EN EL AMBITO DEL CONGRESO DE LA NACION LA COMISION ESPECIAL BICAMERAL DE SEGUIMIENTO Y CONTROL DEL PROCESO LICITATORIO DE LA HIDROVIA PARANA - PARAGUAY.	05/06/2024	49/2024	GALARETTO, EDUARDO HORACIO	DE ASUNTOS CONSTITUCIONALES	DE PRESUPUESTO Y HACIENDA			
977	2024	PD	S	"FERNANDEZ SAGASTI: PROYECTO DE DECLARACION QUE DECLARA DE INTERES EL LIBRO ""JORGE MARZIALI: OBRA COMPLETA"", EDITADO POR LA ACADEMIA NACIONAL DE FOLKLORE."	05/06/2024	49/2024	FERNÁNDEZ SAGASTI, ANABEL	DE EDUCACIÓN Y CULTURA				
975	2024	PL	S	DI TULLIO Y OTROS: REPRODUCE PROYECTO DE LEY QUE CREA LA UNIVERSIDAD NACIONAL DE PEHUAJO, DE LA PROV. DE BS. AS. (REF. S. 1981/22)	04/06/2024	48/2024	DI TULLIO, JULIANA	DE EDUCACIÓN Y CULTURA	DE PRESUPUESTO Y HACIENDA			
974	2024	PC	S	GIMENEZ: PROYECTO DE COMUNICACION QUE SOLICITA LA ABSTENCION DE SANCIONAR EL PROYECTO DE DECRETO QUE DESREGULA EL SISTEMA DE PRESTACIONES BASICAS DE ATENCION INTEGRAL A FAVOR DE PERSONAS CON DISCAPACIDAD, QUE IMPULSA LA AGENCIA NACIONAL DE DISCAPACIDAD.	04/06/2024	48/2024		DE POBLACIÓN Y DESARROLLO  HUMANO				
973	2024	PD	S	GIMENEZ: PROYECTO DE DECLARACION QUE EXPRESA BENEPLACITO POR EL DISPOSITIVO ARGENTINO QUE PURIFICA EL AIRE A PARTIR DE MICROALGAS NATIVAS, PRODUCIDO CONJUNTAMENTE POR EL INBIOTEC-CONICET, Y LA EMPRESA Y-TEC, CREADA POR YPF Y CONICET.	04/06/2024	48/2024		DE CIENCIA Y TECNOLOGÍA				
972	2024	PD	S	"GIMENEZ: PROYECTO DE DECLARACION QUE ADHIERE AL 9° ANIVERSARIO DE LA MOVILIZACION ""NI UNA MENOS"", EL 3 DE JUNIO DE 2024."	04/06/2024	48/2024		BANCA DE LA MUJER	BANCA DE LA MUJER			
971	2024	PD	S	GIMENEZ: PROYECTO DE DECLARACION QUE EXPRESA PESAR POR EL FALLECIMIENTO DE NORA CORTIÑAS, TITULAR DE MADRES DE PLAZA DE MAYO LINEA FUNDADORA, EL 30 DE MAYO DE 2024.	04/06/2024	48/2024		DE EDUCACIÓN Y CULTURA				
969	2024	PD	S	DURE: PROYECTO DE DECLARACION QUE ADHIERE AL PAÑUELAZO, EN CONMEMORACION AL ANIVERSARIO DE LA FUNDACION DE LA CAMPAÑA NACIONAL POR EL ACCESO AL ABORTO LEGAL, SEGURO Y GRATUITO, A REALIZARSE EN LA CDAD. DE USHUAIA PROV. DE TIERRA DEL FUEGO ANTÁRTIDA E ISLAS DEL ATLÁNTICO SUR, EL 28 DE MAYO DE 202	03/06/2024	48/2024		BANCA DE LA MUJER	BANCA DE LA MUJER			
964	2024	PD	S	"JURI: PROYECTO DE DECLARACION QUE EXPRESA BENEPLACITO AL ""PROYECTO PULSERAS AMARILLAS"", INICIATIVA QUE BUSCA CONCIENTIZAR A LA SOCIEDAD SOBRE EL CANCER INFANTIL."	03/06/2024	48/2024	JURI, MARIANA	DE SALUD				
963	2024	PR	S	LOUSTEAU: PROYECTO DE RESOLUCION QUE CITA EN LOS TÉRMINOS DEL ART. 71 DE LA CN. A LA SRA. MINISTRA DE CAPITAL HUMANO, LIC. SANDRA PETTOVELLO, A FIN DE BRINDAR INFORME ACERCA DE LOS HECHOS RELACIONADOS CON LA COMPRA, ALMACENAMIENTO Y REPARTO DE ALIMENTOS Y OTRAS CUESTIONES CONEXAS.	31/05/2024	48/2024		DE ASUNTOS CONSTITUCIONALES	DE POBLACIÓN Y DESARROLLO  HUMANO	DE TRABAJO Y PREVISIÓN SOCIAL		
962	2024	PC	S	"PILATTI VERGARA Y OTROS: PROYECTO DE COMUNICACIÓN QUE SOLICITA INFORME SOBRE DIVERSOS PUNTOS RELACIONADOS A LA RESOLUCION  428/2024 DEL MINISTERIO DE SEGURIDAD, QUE ATRIBUYE LABORES PARTICULARES A LAS FUERZAS POLICIALES Y DE SEGURIDAD FEDERALES, ENTORNO AL ESPACIO CIBERNETICO O ""CIBER-PATRULLAJE""."	31/05/2024	48/2024	GONZÁLEZ, MARÍA TERESA MARGARITA	DE SEGURIDAD INTERIOR Y NARCOTRÁFICO				
960	2024	PD	S	"PAOLTRONI: PROYECTO DE DECLARACIÓN QUE DECLARA DE INTERÉS EL ""PROYECTO FERROCARRILES DE SUDAMÉRICA, INTEGRACION FERROVIARIA DE LOS ESTADOS DE SUDAMÉRICA"", QUE ABARCA EL NORTE GRANDE DE NUESTRO PAÍS Y LA REGIÓN DEL CENTRO DE AMÉRICA DEL SUR."	31/05/2024	48/2024	PAOLTRONI, FRANCISCO MANUEL	DE INFRAESTRUCTURA, VIVIENDA Y TRANSPORTE				
959	2024	PL	S	HUALA Y JUEZ: PROYECTO DE LEY SOBRE SELLO DE AGUA EN CONTENIDO AUDIOVISUAL ELABORADO CON INTELIGENCIA ARTIFICIAL EN EL QUE SE REPRESENTAN PERSONAS.	31/05/2024	48/2024	HUALA, MARÍA VICTORIA - JUEZ, LUIS ALFREDO	DE LEGISLACIÓN GENERAL	DE SISTEMAS, MEDIOS DE COMUNICACIÓN Y LIBERTAD DE EXPRESIÓN			
958	2024	PL	S	MOISES Y OTROS: PROYECTO DE LEY QUE MODIFICA SUS SIMILARES 19.550 -SOCIEDADES COMERCIALES-, 19.836 -FUNDACIONES-, Y 24.057 -ASOCIACIONES CIVILES-  SOBRE DIVERSIDAD DE GENERO.	30/05/2024	48/2024	MOISES, MARÍA CAROLINA	DE LEGISLACIÓN GENERAL	BANCA DE LA MUJER			
957	2024	PL	S	"MOISES Y OTROS: PROYECTO DE LEY QUE CREA LA ""COMISIÓN BICAMERAL PERMANENTE FRENTE PARLAMENTARIO CONTRA EL HAMBRE""."	30/05/2024	48/2024	MOISES, MARÍA CAROLINA	DE ASUNTOS CONSTITUCIONALES	DE PRESUPUESTO Y HACIENDA			
956	2024	PC	S	PILATTI VERGARA: PROYECTO DE COMUNICACIÓN QUE SOLICITA INFORME SOBRE DIVERSOS PUNTOS VINCULADOS A LA EDICIÓN 2024 DE LOS JUEGOS NACIONALES EVITA.	30/05/2024	47/2024		DE DEPORTE				
954	2024	PD	S	"FAMA: PROYECTO DE DECLARACION QUE DECLARA DE INTERES LA FIESTA PROVINCIAL ""ACEVEDO VIVE LA FIESTA DE LA ESTACA"" EN LA LOC. DE ACEVEDO, PROV. DE BS AS."	30/05/2024	47/2024	FAMA, FLAVIO SERGIO	DE EDUCACIÓN Y CULTURA				
953	2024	PD	S	"FAMA: PROYECTO DE DECLARACION QUE DECLARA DE INTERES LA ""FIESTA DE YACOGASTA, EN LA CDAD. DE SAN PEDRO, CAPAYÁN, PROV. DE CATAMARCA"", EL 25 DE MAYO DE CADA AÑO."	30/05/2024	47/2024	FAMA, FLAVIO SERGIO	DE EDUCACIÓN Y CULTURA				
952	2024	PD	S	ARRASCAETA: PROYECTO DE DECLARACION QUE DECLARA DE INTERES EL XLI CONGRESO NACIONAL DE CARDIOLOGIA, A REALIZARSE EN LA CDAD. DE ROSARIO, PROV. DE SANTA FE, DEL 30 DE MAYO AL 1 DE JUNIO DE 2024.	30/05/2024	47/2024	ARRASCAETA, IVANNA MARCELA	DE SALUD				
951	2024	PD	S	DURE: PROYECTO DE DECLARACION QUE ADHIERE A LA CONMEMORACION DEL DIA MUNDIAL DEL LUPUS, EL 10 DE MAYO DE CADA AÑO.	30/05/2024	47/2024		DE SALUD				
949	2024	PC	S	GARCIA LARRABURU Y OTROS: PROYECTO DE COMUNICACIÓN QUE SOLICITA INFORME SOBRE LOS MECANISMOS DE CONTRATACION DE FUNCIONARIOS DEL MINISTERIO DE CAPITAL HUMANO.	30/05/2024	47/2024	MOISES, MARÍA CAROLINA	DE POBLACIÓN Y DESARROLLO  HUMANO				
948	2024	PD	S	GIMENEZ Y OTROS: PROYECTO DE DECLARACION QUE EXPRESA BENEPLACITO AL CUMPLIRSE 2 AÑOS DE LA SENTENCIA EN EL JUICIO POR LA VERDAD POR LA MASACRE DE NAPALPI.	30/05/2024	47/2024		DE EDUCACIÓN Y CULTURA				
947	2024	PC	S	MENDOZA Y OTROS: PROYECTO DE COMUNICACIÓN QUE SOLICITA SE HAGA LLEGAR LAS PRESTACIONES ALIMENTARIAS DIRIGIDAS A LOS SECTORES MAS VULNERABLES Y OTRAS CUESTIONES CONEXAS.	30/05/2024	47/2024	MENDOZA, SANDRA MARIELA	DE POBLACIÓN Y DESARROLLO  HUMANO				
946	2024	PC	S	LINARES Y OTROS: PROYECTO DE COMUNICACIÓN QUE SOLICITA SE DECLARE LA EMERGENCIA NACIONAL DE SEGURIDAD VIAL Y SE REALICEN LAS OBRAS NECESARIAS PARA EL TRAMO DE LA RUTA NACIONAL Nº 3 UBICADO EN LA LADERA SUR DEL CERRO PUNTA PELIGRO DE LA COMUNA CAÑADON SECO, PROV. DE SANTA CRUZ.	30/05/2024	47/2024	LINARES, CARLOS ALBERTO	DE INFRAESTRUCTURA, VIVIENDA Y TRANSPORTE				
945	2024	PD	S	"AVILA: PROYECTO DE DECLARACION QUE ADHIERE AL 9º ANIVERSARIO DE LA MOVILIZACION BAJO EL LEMA ""NI UNA MENOS"", EL 3 DE JUNIO DE 2024."	30/05/2024	47/2024	AVILA, BEATRIZ LUISA	BANCA DE LA MUJER	BANCA DE LA MUJER			
944	2024	PD	S	"AVILA: PROYECTO DE DECLARACIÓN QUE DECLARA DE INTERÉS AL ""CONGRESO INTERNACIONAL DE SIMULACIÓN EN SALUD Y II SIMPOSIO INTERNACIONAL DE OPERACIONES EN SIMULACIÓN EN SALUD"", A REALIZARSE EN EL AUDITORIO SAN AGUSTÍN, CDAD. DE BS. AS.  DEL 30 DE MAYO AL 1 DE JUNIO DE 2024."	29/05/2024	47/2024	AVILA, BEATRIZ LUISA	DE SALUD				
942	2024	PD	S	"AVILA: PROYECTO DE DECLARACIÓN QUE ADHIERE A LA CONMEMORACIÓN DEL ""DIA MUNDIAL CONTRA EL TRABAJO INFANTIL, EL 12 DE JUNIO DE CADA AÑO."	29/05/2024	47/2024	AVILA, BEATRIZ LUISA	DE POBLACIÓN Y DESARROLLO  HUMANO				
941	2024	PD	S	"AVILA: PROYECTO DE DECLARACIÓN QUE DECLARA DE INTERÉS LA CELEBRACIÓN DEL ""DIA NACIONAL DEL BOMBERO VOLUNTARIO ARGENTINO"", EL 2 DE JUNIO DE CADA AÑO."	29/05/2024	47/2024	AVILA, BEATRIZ LUISA	DE EDUCACIÓN Y CULTURA				
939	2024	PD	S	"AVILA: PROYECTO DE DECLARACIÓN QUE DECLARA DE INTERÉS LA ""PRE CUMBRE MUNDIAL DE POLÍTICAS PÚBLICAS. CAPITULO TUCUMÁN"", A REALIZARSE EN LA CDAD. DE SAN MIGUEL DE TUCUMÁN EL 18 Y 19 DE JUNIO DE 2024."	29/05/2024	47/2024	AVILA, BEATRIZ LUISA	DE EDUCACIÓN Y CULTURA				
938	2024	PL	S	AVILA: PROYECTO DE LEY QUE ENTREGA AL MUNICIPIO DE SAN MIGUEL DE TUCUMAN EL ESTANDARTE Y BANDERAS REALISTAS TOMADAS EN LA BATALLA DE TUCUMAN.	29/05/2024	47/2024	AVILA, BEATRIZ LUISA	DE EDUCACIÓN Y CULTURA				
937	2024	PL	S	AVILA: PROYECTO DE LEY QUE RESTITUYE AL MUNICIPIO DE SAN MIGUEL DE TUCUMAN EL BASTON DE CAÑA DE LA INDIA DEL CONGRESAL DR. JOSE IGNACIO DE THAMES.	29/05/2024	47/2024	AVILA, BEATRIZ LUISA	DE EDUCACIÓN Y CULTURA				
936	2024	PL	S	PILATTI VERGARA Y OTROS: PROYECTO DE LEY QUE CREA EL PLAN NACIONAL DE ALIMENTACION ESCOLAR CON EL OBJETO DE GARANTIZAR LA ALIMENTACION SALUDABLE DE TODOS LOS NIÑOS, NIÑAS Y ADOLESCENTES QUE ASISTEN A ESTABLECIMIENTOS EDUCATIVOS DE NIVEL INICIAL Y PRIMARIO.	29/05/2024	47/2024	CORPACCI, LUCÍA BENIGNA	DE SALUD	DE EDUCACIÓN Y CULTURA	DE PRESUPUESTO Y HACIENDA		
935	2024	PL	S	LEAVY Y OTROS: PROYECTO DE LEY SOBRE ORGANIZACIÓN DE POLITICAS PUBLICAS DE LUCHA CONTRA LA CORRUPCION Y CONFLICTO DE INTERES.	29/05/2024	46/2024	LÓPEZ, CÁNDIDA CRISTINA	DE ASUNTOS CONSTITUCIONALES	DE ASUNTOS ADMINISTRATIVOS Y MUNICIPALES	DE JUSTICIA Y ASUNTOS PENALES		
934	2024	PR	S	LEAVY Y OTROS: PROYECTO DE RESOLUCION QUE MODIFICA EL ART. 60 DEL REGLAMENTO DE LA CAMARA DE SENADORES DE LA NACION, POR EL QUE SE CREA LA COMISION DE LOS PUEBLOS INDIGENAS.	29/05/2024	46/2024	LÓPEZ, CÁNDIDA CRISTINA	DE ASUNTOS CONSTITUCIONALES				
933	2024	PR	S	"LEAVY Y OTROS: PROYECTO DE RESOLUCION QUE DISPONE INSTITUIR ""LA SEMANA DE LA CONSTITUCION NACIONAL DE 1994"", DEL 15 AL 22 DE AGOSTO DE 2024 EN EL AMBITO DEL SENADO DE LA NACION."	29/05/2024	46/2024	LÓPEZ, CÁNDIDA CRISTINA	DE EDUCACIÓN Y CULTURA	DE PRESUPUESTO Y HACIENDA			
932	2024	PD	S	ARRASCAETA: PROYECTO DE DECLARACIÓN QUE DECLARA DE INTERÉS LAS          21° JORNADAS FEDERALES DE POLÍTICA, ECONOMÍA Y GESTIÓN DE MEDICAMENTOS Y  OTROS EVENTOS AFINES, A REALIZARSE EN LA CIUDAD DE CÓRDOBA, EL  30 Y 31 DE MAYO DE 2024.	29/05/2024	46/2024	ARRASCAETA, IVANNA MARCELA	DE SALUD				
931	2024	PC	S	GIMENEZ: PROYECTO DE COMUNICACIÓN QUE SOLICITA INFORMES RELACIONADOS A LOS VIAJES AL EXTERIOR REALIZADOS POR EL PRESIDENTE DE LA NACION, DURANTE EL AÑO 2024.	29/05/2024	46/2024		DE ASUNTOS CONSTITUCIONALES				
930	2024	PC	S	GIMENEZ: PROYECTO DE COMUNICACIÓN QUE SOLICITA INFORMES RELACIONADOS CON LA POLITICA ALIMENTARIA EN TODO EL TERRITORIO NACIONAL, EN EL MARCO DE LA LEY 27.701.	29/05/2024	46/2024		DE POBLACIÓN Y DESARROLLO  HUMANO				
929	2024	PD	S	GIMENEZ: PROYECTO DE DECLARACION QUE EXPRESA PREOCUPACION Y REPUDIA LA FALTA DE ENTREGA Y DISTRIBUCION DE ALIMENTOS, PARA EL ABASTECIMIENTO DE COMEDORES Y MERENDEROS COMUNITARIOS.	29/05/2024	46/2024		DE POBLACIÓN Y DESARROLLO  HUMANO				
928	2024	PD	S	"GIMENEZ: PROYECTO DE DECLARACION QUE EXPRESA BENEPLACITO AL CUMPLIRSE 55 AÑOS DEL ""SALTEÑAZO"", OCURRIDO EN LA CDAD. DE SALTA, PROV. HOMONIMA, ENTRE EL 21 Y 25 DE MAYO DE 2024."	29/05/2024	46/2024		DE EDUCACIÓN Y CULTURA				
925	2024	PD	S	GIMENEZ: PROYECTO DE DECLARACION QUE EXPRESA PREOCUPACION POR LA FALTA DE COLABORACION DEL MINISTERIO DE SEGURIDAD DE LA NACION, FRENTE AL PEDIDO DE INFORMACION DE LA CONADI, Y EL DESCONOCIMIENTO DE LA LEY 25.457.	29/05/2024	46/2024		DE SEGURIDAD INTERIOR Y NARCOTRÁFICO				
924	2024	PC	S	PILATTI VERGARA: PROYECTO DE COMUNICACIÓN QUE SOLICITA INFORME SOBRE DIVERSOS PUNTOS, RESPECTO A LOS DATOS REVELADOS EN EL OPERATIVO CENSAL DEL AÑO 2022.	28/05/2024	46/2024		DE POBLACIÓN Y DESARROLLO  HUMANO				
923	2024	PC	S	KIRCHNER: PROYECTO DE COMUNICACIÓN QUE SOLICITA INFORME SOBRE DIVERSAS CUESTIONES RELATIVAS A LA ALIMENTACION DE LOS SECTORES MAS VULNERABLES.	28/05/2024	46/2024	KIRCHNER, ALICIA MARGARITA ANTONIA - CORPACCI, LUCÍA BENIGNA - MOISES, MARÍA CAROLINA - LÓPEZ, CÁNDIDA CRISTINA - GIMÉNEZ NAVARRO, MARÍA CELESTE - REJAL, JESÚS FERNANDO - FERNÁNDEZ SAGASTI, ANABEL	DE POBLACIÓN Y DESARROLLO  HUMANO				
922	2024	PD	S	HUALA: PROYECTO DE DECLARACION QUE EXPRESA BENEPLACITO POR LA OBTENCION DE LA MEDALLA DE ORO EN LA FERIA INTERNACIONAL DE INFOMATRIX IBEROAMERICANA 2024, POR ALUMNOS DE LA ESCUELA PROV. DE EDUCACION TEC. N° 6, DE LA LOC. DE REALICO, PROV. DE LA PAMPA, EN GUADALAJARA, MEXICO. DEL 20 AL 23 DE MAYO.	28/05/2024	46/2024	HUALA, MARÍA VICTORIA	DE EDUCACIÓN Y CULTURA				
921	2024	PD	S	DURE: PROYECTO DE DECLARACION QUE EXPRESA BENEPLACITO POR LA SEMANA MUNDIAL DEL PARTO RESPETADO, A CELEBRARSE DEL 13 AL 19 DE MAYO DE 2024.	28/05/2024	46/2024		DE SALUD				
920	2024	PL	S	DURE: PROYECTO DE LEY SOBRE PROHIBICIÓN DE PUBLICIDAD DE JUEGOS DE APUESTAS ONLINE- PREVENCIÓN DE LA LUDOPATÍA.	28/05/2024	46/2024		DE SALUD	DE LEGISLACIÓN GENERAL	DE JUSTICIA Y ASUNTOS PENALES		
918	2024	PC	S	GARCIA LARRABURU Y OTROS: PROYECTO DE COMUNICACIÓN QUE SOLICITA INFORME SOBRE DIVERSOS PUNTOS RELACIONADOS CON LA MERCADERÍA GUARDADA Y CERCANA A VENCER, DESTINADA A LOS COMEDORES Y MERENDEROS DONDE ASITEN PERSONAS EN SITUACION DE VULNERABILIDAD.	28/05/2024	46/2024	LÓPEZ, CÁNDIDA CRISTINA	DE POBLACIÓN Y DESARROLLO  HUMANO				
916	2024	PD	S	"GARCIA LARRABURU Y LINARES: PROYECTO DE DECLARACIÓN QUE DECLARA DE INTERÉS EL DOCUMENTAL ""EL TURBIO"", DE LA PRODUCTORA DESEMBOQUE AUDIOVISUAL."	28/05/2024	46/2024	LINARES, CARLOS ALBERTO	DE EDUCACIÓN Y CULTURA				
914	2024	PD	S	MONTENEGRO: PROYECTO DE DECLARACION QUE EXPRESA RECHAZO Y PREOCUPACION POR LA DECISION DE INTERRUMPIR LOS JUEGOS EVITA A NIVEL NACIONAL, Y OTRAS CUESTIONES CONEXAS.	28/05/2024	45/2024		DE DEPORTE				
913	2024	PD	S	"ZIMMERMANN: PROYECTO DE DECLARACION QUE ADHIERE AL ""DIA INTERNACIONAL DE LOS NIÑOS INOCENTES VICTIMAS DE AGRESION"", A CONMEMORARSE EL 4 DE JUNIO DE 2024."	28/05/2024	45/2024		DE POBLACIÓN Y DESARROLLO  HUMANO				
912	2024	PD	S	"ZIMMERMANN: PROYECTO DE DECLARACION QUE EXPRESA BENEPLACITO POR LA CONMEMORACION DE LOS 144 AÑOS DE LA CREACION DE ""LA CRUZ ROJA ARGENTINA"", EL 10 DE JUNIO DE 2024."	28/05/2024	45/2024		DE EDUCACIÓN Y CULTURA				
911	2024	PD	S	ZIMMERMANN: PROYECTO DE DECLARACIÓN QUE EXPRESA BENEPLÁCITO POR LA CONMEMORACIÓN DEL 71° ANIVERSARIO DE LA ASUNCIÓN DE FELIPE GALLARDO, PRIMER GOBERNADOR CONSTITUCIONAL DE LA PROV. DEL CHACO, EL 4 DE JUNIO DE 2024.	28/05/2024	45/2024		DE EDUCACIÓN Y CULTURA				
905	2024	PD	S	ZIMMERMANN: PROYECTO DE DECLARACIÓN QUE EXPRESA BENEPLACITO POR LA CONMEMORACIÓN DEL DIA NACIONAL DEL BOMBERO VOLUNTARIO, EL 2 DE JUNIO DE 2024.	28/05/2024	45/2024		DE EDUCACIÓN Y CULTURA				
902	2024	PD	S	"ZIMMERMANN: PROYECTO DE DECLARACIÓN QUE EXPRESA BENEPLACITO POR LA CONMEMORACIÓN DEL ""40° ANIVERSARIO DEL INSTITUTO DE EDUCACION SUPERIOR PAMPA DEL INFIERNO"", DE LA PROV. DEL CHACO, EL 29 DE MAYO DE 2024."	28/05/2024	45/2024		DE EDUCACIÓN Y CULTURA				
900	2024	PL	S	ABDALA: PROYECTO DE LEY QUE DECLARA POBLADO HISTORICO NACIONAL EN LOS TÉRMINOS DE LA LEY 12.665, A LA LOCALIDAD DE RENCA, DEPARTAMENTO CHACABUCO, PROV. DE SAN LUIS.	27/05/2024	45/2024	ABDALA, BARTOLOMÉ ESTEBAN	DE EDUCACIÓN Y CULTURA				
894	2024	PD	S	MOISES: PROYECTO DE DECLARACION QUE EXPRESA PREOCUPACION POR EL DESFINANCIAMIENTO Y PAUSA DE LA CONSTRUCCION Y DISEÑO DEL REACTOR MODULAR DENOMINADO CAREM-25, PROYECTO DE LA COMISION NACIONAL DE ENERGIA ATOMICA, EL 30 DE ABRIL DE 2024.	23/05/2024	44/2024	MOISES, MARÍA CAROLINA - KIRCHNER, ALICIA MARGARITA ANTONIA - GONZÁLEZ, MARÍA TERESA MARGARITA - CORPACCI, LUCÍA BENIGNA - LÓPEZ, CÁNDIDA CRISTINA - GIMÉNEZ NAVARRO, MARÍA CELESTE - REJAL, JESÚS FERNANDO	DE CIENCIA Y TECNOLOGÍA				
893	2024	PD	S	"MOISES: PROYECTO DE DECLARACION QUE EXPRESA BENEPLACITO POR EL VIGESIMO QUINTO ANIVERSARIO DE LA ESCUELA PRIMARIA N° 443 ""DR. ROBERTO RUBEN DOMINGUEZ, DE LA CDAD. DE SAN PEDRO DE JUJUY, PROV. DE JUJUY, EL 29 DE ABRIL DE 2024."	23/05/2024	44/2024	MOISES, MARÍA CAROLINA - GONZÁLEZ, MARÍA TERESA MARGARITA - MENDOZA, SANDRA MARIELA - LÓPEZ, CÁNDIDA CRISTINA	DE EDUCACIÓN Y CULTURA				
892	2024	PL	S	MOISES: PROYECTO DE LEY QUE INCORPORA COMO CONTENIDO CURRICULAR LOS CONCEPTOS DE PROTECCIÓN DE DATOS, GROOMING, CIBERBULLYING, PHISHING, CIBERACOSO, CONCIENCIA DIGITAL, IDENTIDAD DIGITAL, SALUD DIGITAL Y PRIVACIDAD ONLINE A LA LEY NACIONAL DE EDUCACIÓN 26.206.	23/05/2024	44/2024	MOISES, MARÍA CAROLINA - GONZÁLEZ, MARÍA TERESA MARGARITA - CORPACCI, LUCÍA BENIGNA - MENDOZA, SANDRA MARIELA - LÓPEZ, CÁNDIDA CRISTINA - REJAL, JESÚS FERNANDO - KIRCHNER, ALICIA MARGARITA ANTONIA	DE EDUCACIÓN Y CULTURA	DE POBLACIÓN Y DESARROLLO  HUMANO			
891	2024	PL	S	MOISES: PROYECTO DE LEY DE PUBLICIDAD DE OPERADORES DE JUEGOS Y PLATAFORMAS DE APUESTAS PARA LOS JUEGOS EN LÍNEA.	23/05/2024	44/2024	MOISES, MARÍA CAROLINA - GONZÁLEZ, MARÍA TERESA MARGARITA - LÓPEZ, CÁNDIDA CRISTINA - REJAL, JESÚS FERNANDO	DE SALUD	DE LEGISLACIÓN GENERAL	DE JUSTICIA Y ASUNTOS PENALES		
889	2024	PC	S	FAMA: REPRODUCE PROYECTO DE COMUNICACIÓN QUE SOLICITA INFORME SOBRE LOS SISTEMAS DE NAVEGACION AEREA Y APROXIMACION AL AEROPUERTO CORONEL FELIPE VARELA DE LA PROV. DE CATAMARCA. (REF. S. 1506/22)	23/05/2024	44/2024	FAMA, FLAVIO SERGIO	DE INFRAESTRUCTURA, VIVIENDA Y TRANSPORTE				
886	2024	PL	S	HUALA: REPRODUCE PROYECTO DE LEY SOBRE IMPLEMENTACIÓN OBLIGATORIA DE ACTIVIDADES DE APROXIMACIÓN AL MUNDO DEL TRABAJO EN TODOS LOS ESTABLECIMIENTOS EDUCATIVOS DE NIVEL SECUNDARIO DE GESTIÓN ESTATAL Y PRIVADA DEL PAÍS. (REF. S. 1442/22)	22/05/2024	44/2024	HUALA, MARÍA VICTORIA	DE EDUCACIÓN Y CULTURA	DE TRABAJO Y PREVISIÓN SOCIAL			
884	2024	PC	S	LEWANDOWSKI: PROYECTO DE COMUNICACIÓN QUE SOLICITA INFORME SOBRE DIVERSOS PUNTOS RELACIONADOS A LA HIDROVIA PARAGUAY - PARANA.	22/05/2024	44/2024	LEWANDOWSKI, MARCELO NÉSTOR	DE INFRAESTRUCTURA, VIVIENDA Y TRANSPORTE				
881	2024	PD	S	GARCIA LARRABURU: PROYECTO DE DECLARACIÓN QUE DECLARA DE INTERES LAS ACTIVIDADES QUE REALIZA EL GRUPO DE TEATRO Y LA ASOCIACIÓN CIVIL EL BROTE, EN SAN CARLOS DE BARILOCHE, PROV. DE RIO NEGRO.	22/05/2024	44/2024		DE EDUCACIÓN Y CULTURA				
880	2024	PL	S	LEAVY Y OTROS: PROYECTO DE LEY SOBRE INCLUSION DEL CERTIFICADO UNICO DE DISCAPACIDAD (CUD) AL SISTEMA DIGITAL UTILIZADO PARA ACCESO AL TRANSPORTE PUBLICO DE PASAJEROS.	22/05/2024	44/2024	CORPACCI, LUCÍA BENIGNA	DE INFRAESTRUCTURA, VIVIENDA Y TRANSPORTE	DE POBLACIÓN Y DESARROLLO  HUMANO			
879	2024	PL	S	BENSUSAN: PROYECTO DE LEY QUE CREA EL PROGAMA NACIONAL DE SALUD MENTAL PARA ADOLESCENTES.	22/05/2024	44/2024	BENSUSÁN, DANIEL PABLO	DE SALUD	DE EDUCACIÓN Y CULTURA	DE PRESUPUESTO Y HACIENDA		
877	2024	PL	S	PARRILLI Y OTROS: PROYECTO DE LEY SOBRE PLAN NACIONAL DE PREVENCIÓN DEL EMBARAZO NO INTENCIONAL EN LA ADOLESCENCIA.	22/05/2024	44/2024	MOISES, MARÍA CAROLINA	DE SALUD	DE EDUCACIÓN Y CULTURA	DE PRESUPUESTO Y HACIENDA		
876	2024	PD	S	ZIMMERMANN: PROYECTO DE DECLARACION QUE EXPRESA BENEPLACITO POR LA 21° EDICIÓN DE LA EXPO AGRONEA, A REALIZARSE EN LA LOC. CHAQUEÑA DE CHARATA, DEL 28 AL 30 DE JUNIO DE 2024.	22/05/2024	44/2024		DE AGRICULTURA, GANADERÍA Y PESCA				
875	2024	PD	S	"ABAD: PROYECTO DE DECLARACION QUE EXPRESA BENEPLACITO POR EL RECONOCIMIENTO AL MURAL ""MENSAJERAS"", REALIZADO POR EL GRUPO SISMO EN LA CDAD. DE MAR DEL PLATA."	21/05/2024	44/2024	ABAD, MAXIMILIANO	DE EDUCACIÓN Y CULTURA				
873	2024	PD	S	GIMENEZ: PROYECTO DE DECLARACION QUE EXPRESA PESAR POR EL FALLECIMIENTO DE ABEL PEDRO MADARIAGA, SECRETARIO DE ABUELAS DE PLAZA DE MAYO, EL 5 DE MARZO DE 2024.	21/05/2024	43/2024		DE EDUCACIÓN Y CULTURA				
870	2024	PD	S	"GARCIA LARRABURU Y OTROS: PROYECTO DE DECLARACIÓN QUE REPUDIA LAS DECLARACIONES DEL PRESIDENTE DE LA NACIÓN, JAVIER MILEI, SOBRE LA ESPOSA DEL PRESIDENTE DE ESPAÑA PEDRO SANCHEZ, DURANTE EL ACTO ""EUROPA VIVA 2024"", EL 19 DE MAYO."	21/05/2024	43/2024	KIRCHNER, ALICIA MARGARITA ANTONIA	DE ASUNTOS CONSTITUCIONALES				
867	2024	PC	S	BLANCO: PROYECTO DE COMUNICACIÓN QUE CITA A LA MINISTRA DE RR.EE Y CULTO DIANA MONDINO, EN LOS TÉRMINOS DEL ART. 71 DE LA C.N., A FIN DE BRINDAR INFORMES SOBRE EL CONFLICTO DIPLOMÁTICO DESATADO CON EL REINO DE ESPAÑA A RAÍZ DE DECLARACIONES PÚBLICAS REALIZADAS POR EL PRESIDENTE DE LA NACIÓN.	21/05/2024	43/2024		DE ASUNTOS CONSTITUCIONALES	DE RELACIONES EXTERIORES Y CULTO			
864	2024	PC	S	LEDESMA ABDALA Y OTROS: PROYECTO DE COMUNICACIÓN QUE SOLICITA SE DEJE SIN EFECTO LA RESOLUCION N° 4/2024 DE LA SECRETARIA DE TRANSPORTE, Y ESTABLEZCA UN ESQUEMA EQUITATIVO Y FEDERAL DE SUBSIDIOS PARA EL TRANSPORTE URBANO Y SUBURBANO DE PASAJEROS POR AUTOMOTOR DE TODO EL PAÍS.	21/05/2024	43/2024	NEDER, JOSÉ EMILIO	DE INFRAESTRUCTURA, VIVIENDA Y TRANSPORTE				
862	2024	PL	S	"VALENZUELA: PROYECTO DE LEY QUE DECLARA CON CARACTER NACIONAL LA ""FIESTA DE ARTESANIAS TRADICIONALES ARANDU PO"", A CELEBRARSE EN LA LOC. DE EMPEDRADO, PROV. DE CORRIENTES, DURANTE EL MES DE MAYO DE CADA AÑO."	21/05/2024	43/2024	VALENZUELA, MERCEDES GABRIELA	DE EDUCACIÓN Y CULTURA	DE EDUCACIÓN Y CULTURA			
858	2024	PD	S	ZIMMERMANN: PROYECTO DE DECLARACION QUE EXPRESA RECONOCIMIENTO AL EQUIPO DE PROGRAMACIÓN EXACTAS-UBA, CORONADO CAMPEON LATINOAMERICANO EN LA FINAL DE LA COMPETENCIA INTERNACIONAL DE PROGRAMACIÓN ICPC, REALIZADO EN LUXOR, EGIPTO, DEL 14 AL 19 DE ABRIL DE 2024.	21/05/2024	43/2024		DE EDUCACIÓN Y CULTURA				
855	2024	PD	S	ABAD: PROYECTO DE DECLARACION QUE EXPRESA PREOCUPACION Y RECHAZA LAS MANIFESTACIONES VERTIDAS POR EL PRESIDENTE EN EL EVENTO EUROPA VIVA 24, EL 19 DE MAYO DE 2024.	20/05/2024	43/2024	ABAD, MAXIMILIANO	DE ASUNTOS CONSTITUCIONALES				
854	2024	PC	S	ZIMMERMANN: PROYECTO DE COMUNICACIÓN QUE SOLICITA INFORME A TRAVÉS DE LA SUPERINTENDENCIA DE SEGUROS DE LA NACIÓN, RESPECTO A LA RES. 217/2024, LA CUAL MODIFICA EL REGLAMENTO GENERAL DE LA ACTIVIDAD ASEGURADORA.	20/05/2024	42/2024		DE ECONOMÍA NACIONAL E INVERSIÓN				
853	2024	PD	S	"ZIMMERMANN: PROYECTO DE DECLARACIÓN QUE ADHIERE AL ""DIA INTERNACIONAL DE LOS MUSEOS"", EL 18 DE MAYO DE 2024."	20/05/2024	42/2024		DE EDUCACIÓN Y CULTURA				
852	2024	PD	S	ZIMMERMANN: PROYECTO DE DECLARACIÓN QUE EXPRESA BENEPLÁCITO POR LA REALIZACIÓN DEL XXIV CONGRESO ARGENTINO DE OTORRINOLARINGOLOGÍA Y FONOAUDIOLOGÍA PEDIÁTRICA Y OTROS EVENTOS AFINES, A REALIZARSE EN CABA DEL 24 AL 26 DE MAYO DE 2024.	20/05/2024	42/2024		DE SALUD				
849	2024	PD	S	"ZIMMERMANN: PROYECTO DE DECLARACIÓN QUE ADHIERE AL ""DIA MUNDIAL DE LA DIVERSIDAD CULTURAL PARA EL DIALOGO Y EL DESARROLLO"", QUE SE CONMEMORA EL 21 DE MAYO DE CADA AÑO."	20/05/2024	42/2024		DE EDUCACIÓN Y CULTURA				
846	2024	PC	S	PILATTI VERGARA: PROYECTO DE COMUNICACIÓN QUE SOLICITA INFORME SOBRE DIVERSOS PUNTOS RELACIONADOS CON EL VIAJE DEL SEÑOR PRESIDENTE DE LA NACION JAVIER GERARDO MILEI Y SU COMITIVA A ESPAÑA, DEL 16 AL 20 DE MAYO DE 2024.	17/05/2024	42/2024		DE ASUNTOS CONSTITUCIONALES				
845	2024	PC	S	GADANO Y CARAMBIA: PROYECTO DE COMUNICACIÓN QUE SOLICITA MANTENER EL PLENO FUNCIONAMIENTO DE LAS SUCURSALES DEL BANCO DE LA NACIÓN ARGENTINA, UBICADAS EN LOS MUNICIPIOS DE VEINTIOCHO DE NOVIEMBRE Y PUERTO SANTA CRUZ, PROV. HOMÓNIMA, Y OTRAS CUESTIONES CONEXAS.	16/05/2024	42/2024	GADANO, NATALIA ELENA - CARAMBIA, JOSÉ MARÍA	DE ECONOMÍA NACIONAL E INVERSIÓN				
844	2024	PL	S	"GADANO Y CARAMBIA: PROYECTO DE LEY QUE DESIGNA CON EL NOMBRE DE ""LIVIO DANTE PORTA"", AL TRAMO DE LA RUTA NACIONAL N° 40 DEL KILÓMETRO 394 Y 374 EN LA LOC. DE VEINTIOCHO DE NOVIEMBRE, DE LA PROV. DE SANTA CRUZ."	16/05/2024	42/2024	GADANO, NATALIA ELENA - CARAMBIA, JOSÉ MARÍA	DE INFRAESTRUCTURA, VIVIENDA Y TRANSPORTE	DE PRESUPUESTO Y HACIENDA			
843	2024	PL	S	GADANO Y CARAMBIA: PROYECTO DE LEY QUE DISPONE QUE LAS EMPRESAS PRESTADORAS DE SERVICIOS DE TURISMO QUE BRINDEN EXCURSIONES Y ACTIVIDADES QUE REPRESENTE UN RIESGO PARA LAS PERSONAS DENTRO DE AREAS Y PARQUES NACIONALES DEBERÁN ENTREGAR UN DISPOSITIVO DE SEGUIMIENTO SATELITAL.	16/05/2024	42/2024	GADANO, NATALIA ELENA - CARAMBIA, JOSÉ MARÍA	DE INDUSTRIA Y COMERCIO	DE TURISMO	DE PRESUPUESTO Y HACIENDA		
842	2024	PL	S	"GADANO Y CARAMBIA: PROYECTO DE LEY QUE DESIGNA CON EL NOMBRE DE ""FACÓN GRANDE"" AL TRAMO DE LA RUTA NACIONAL N° 3, COMPRENDIDO ENTRE EL KILÓMETRO 1887 EN LA LOC. DE FITZ ROY Y EL KILÓMETRO 2161 EN LA LOC. DE SAN JULIÁN, DE LA PROV. DE SANTA CRUZ."	16/05/2024	42/2024	GADANO, NATALIA ELENA - CARAMBIA, JOSÉ MARÍA	DE INFRAESTRUCTURA, VIVIENDA Y TRANSPORTE	DE PRESUPUESTO Y HACIENDA			
840	2024	PL	S	HUALA Y KRONEBERGER: REPRODUCE PROYECTO DE LEY QUE CREA UNA LINEA TELEFONICA NACIONAL DE ASISTENCIA Y PREVENCION DEL SUICIDIO.  (REF. S. 3073/22)	16/05/2024	42/2024	HUALA, MARÍA VICTORIA - KRONEBERGER, DANIEL RICARDO	DE SALUD	DE SISTEMAS, MEDIOS DE COMUNICACIÓN Y LIBERTAD DE EXPRESIÓN			
839	2024	PL	S	HUALA: REPRODUCE PROYECTO DE LEY DE CAPACITACIÓN OBLIGATORIA EN TRASTORNO DEL ESPECTRO AUTISTA PARA TODAS LAS PERSONAS QUE INTEGRAN LOS TRES PODERES DEL ESTADO.  (REF. S. 861/22)	16/05/2024	42/2024	HUALA, MARÍA VICTORIA	DE SALUD	DE POBLACIÓN Y DESARROLLO  HUMANO	DE PRESUPUESTO Y HACIENDA		
838	2024	PC	S	REJAL: PROYECTO DE COMUNICACIÓN QUE SOLICTA INFORME SOBRE LOS INCUMPLIMIENTOS DE LA DIRECCIÓN DE ASISTENCIA DIRECTA PARA SITUACIONES ESPECIALES, ENCARGADA DE PROPORCIONAR MEDICAMENTOS Y OTROS INSUMOS MÉDICOS A PERSONAS SIN COBERTURA Y OTRAS CUESTIONES CONEXAS	16/05/2024	42/2024	REJAL, JESÚS FERNANDO	DE SALUD				
833	2024	PD	S	AVILA: PROYECTO DE DECLARACION QUE DECLARA DE INTERES LA REALIZACION DEL XXIV CONGRESO ARGENTINO DE OTORRINOLARINGOLOGIA Y FONOAUDIOLOGIA PEDIATRICA, EN LA SEDE DE LA UNIVERSIDAD CATOLICA ARGENTINA, CABA, DEL 24 AL 26 DE MAYO DE 2024.	16/05/2024	41/2024	AVILA, BEATRIZ LUISA	DE SALUD				
832	2024	PL	S	AVILA: PROYECTO DE LEY SOBRE REGIMEN NACIONAL DE REGULACION DE JUEGOS Y APUESTAS ONLINE.	16/05/2024	41/2024	AVILA, BEATRIZ LUISA	DE SALUD	DE LEGISLACIÓN GENERAL	DE JUSTICIA Y ASUNTOS PENALES		
831	2024	PL	S	AVILA: PROYECTO DE LEY QUE ESTABLECE UN PROGRAMA DE PREVENCION DEL JUEGO POR PARTE DE MENORES DE EDAD A TRAVES DE LAS APUESTAS EN LINEA EN EL AMBITO EDUCATIVO.	16/05/2024	41/2024	AVILA, BEATRIZ LUISA	DE SALUD	DE LEGISLACIÓN GENERAL	DE JUSTICIA Y ASUNTOS PENALES		
830	2024	PL	S	"CORPACCI: PROYECTO DE LEY QUE DECLARA PATRIMONIO INMATERIAL CULTURAL Y NATURAL DE LA NACION, EN LOS TERMINOS DE LA LEY 26.118, AL ""CHAKU"", PRACTICA ANCESTRAL INCAICA DE CAPTURA, ESQUILA Y LIBERACIÓN DE VICUÑAS."	16/05/2024	41/2024	CORPACCI, LUCÍA BENIGNA	DE EDUCACIÓN Y CULTURA	DE EDUCACIÓN Y CULTURA			
827	2024	PD	S	GALARETTO Y LOSADA: PROYECTO DE DECLARACION QUE DECLARA DE INTERÉS EL XLI CONGRESO DE CARDIOLOGÍA, A REALIZARSE EN LA CDAD. DE ROSARIO PROV. DE SANTA FE, DEL 30 DE MAYO AL 1 DE JUNIO DE 2024	15/05/2024	41/2024	GALARETTO, EDUARDO HORACIO - LOSADA, CAROLINA	DE SALUD				
825	2024	PC	S	PILATTI VERGARA: PROYECTO DE COMUNICACIÓN QUE SOLICITA INFORME SOBRE LA INTENSIÓN DEL GOBIERNO DE DESREGULAR EL NOMENCLADOR DE PRESTACIONES BASICAS PARA LAS PERSONAS CON DISCAPACIDAD, Y OTRAS CUESTIONES CONEXAS.	15/05/2024	41/2024		DE POBLACIÓN Y DESARROLLO  HUMANO				
824	2024	PD	S	LEAVY: PROYECTO DE DECLARACIÓN QUE EXPRESA PREOCUPACION ANTE LA DECISION DEL PEN, DE CERRAR EL INSTITUTO NACIONAL DE AGRICULTURA FAMILIAR, CAMPESINA E INDIGENA, Y EL CONSEJO NACIONAL DE AGRICULTURA FAMILIAR.	15/05/2024	41/2024		DE AGRICULTURA, GANADERÍA Y PESCA				
823	2024	PR	S	"LEWANDOWSKI: PROYECTO DE RESOLUCION QUE DECLARA DE INTERÉS EL LIBRO ""RÉGIMEN Y PROCEDIMIENTOS ADMINISTRATIVOS ESPECIALES"", PUBLICADO POR LA EDITORIAL NOVA TESIS, DE GUSTAVO J. THOMAS Y OTROS AUTORES."	14/05/2024	41/2024	LEWANDOWSKI, MARCELO NÉSTOR	DE EDUCACIÓN Y CULTURA				
821	2024	PR	S	LOUSTEAU: PROYECTO DE RESOLUCION QUE DISPONE UN TOPE EN LA DIETA MENSUAL QUE PERCIBEN LOS SENADORES NACIONALES.	14/05/2024	41/2024		DE ASUNTOS CONSTITUCIONALES	DE TRABAJO Y PREVISIÓN SOCIAL			
820	2024	PL	S	LOUSTEAU: PROYECTO DE LEY QUE MODIFICA SU SIMILAR 24.600 - ESTATUTO DEL PERSONAL LEGISLATIVO -, RESPECTO DE MODIFICAR LAS CONDICIONES DE INGRESO A LA PLANTA PERMANENTE DEL PODER LEGISLATIVO.	14/05/2024	41/2024		DE TRABAJO Y PREVISIÓN SOCIAL				
817	2024	PL	S	LOSADA Y OTROS: PROYECTO DE LEY QUE DISPONE UN NUEVO PLAZO DE EJECUCIÓN DEL PROGRAMA NACIONAL DE ENTREGA VOLUNTARIA DE ARMAS DE FUEGO, CREADO POR LEY 26.216.	13/05/2024	41/2024	LOSADA, CAROLINA	DE SEGURIDAD INTERIOR Y NARCOTRÁFICO				
816	2024	PL	S	LOSADA Y VALENZUELA: PROYECTO DE LEY QUE DECLARA EL ESTADO DE EMERGENCIA EN INFRAESTRUCTURA Y SEGURIDAD VIAL, EN TODAS LAS RUTAS NACIONALES QUE RECORREN EL TERRITORIO DE LA PROV. DE SANTA FE, POR EL PLAZO DE 5 AÑOS.	13/05/2024	41/2024	LOSADA, CAROLINA - VALENZUELA, MERCEDES GABRIELA	DE INFRAESTRUCTURA, VIVIENDA Y TRANSPORTE	DE PRESUPUESTO Y HACIENDA			
815	2024	PD	S	FAMA: PROYECTO DE DECLARACION QUE EXPRESA PREOCUPACIÓN POR LA EXIGUA ILUMINACIÓN DE LA RUTA NACIONAL N° 38, A LA ALTURA DE LA CIRCUNVALACIÓN EN SAN FERNANDO DEL VALLE DE CATAMARCA Y OTRAS CUESTIONES CONEXAS.	13/05/2024	40/2024	FAMA, FLAVIO SERGIO	DE INFRAESTRUCTURA, VIVIENDA Y TRANSPORTE				
813	2024	PD	S	"GIMENEZ: PROYECTO DE DECLARACIÓN QUE EXPRESA BENEPLÁCITO AL 3° ENCUENTRO NACIONAL ""10 AÑOS DE LA RED UNIVERSITARIA DE ECONOMÍA SOCIAL SOLIDARIA"", A REALIZARSE EN C.A.B.A. EL 10 DE MAYO DE 2024."	13/05/2024	40/2024		DE ECONOMÍAS REGIONALES, ECONOMÍA SOCIAL, MICRO, PEQUEÑA Y MEDIANA EMPRESA	DE ECONOMÍAS REGIONALES, ECONOMÍA SOCIAL, MICRO, PEQUEÑA Y MEDIANA EMPRESA			
811	2024	PD	S	PILATTI VERGARA Y OTROS: PROYECTO DE DECLARACION QUE REPUDIA EL ATAQUE CONTRA MUJERES LESBIANAS, Y EL ASESINATO DE UNA DE ELLAS, OCURRIDO EN UN HOTEL FAMILIAR DE BARRACAS, C.A.B.A, EL 6 DE MAYO DE 2024.	10/05/2024	40/2024	MOISES, MARÍA CAROLINA	BANCA DE LA MUJER	BANCA DE LA MUJER			
809	2024	PD	S	"VISCHI Y VALENZUELA: PROYECTO DE DECLARACION QUE DECLARA DE INTERES LA ""5° FIESTA PROVINCIAL DEL ESTOFADO"" A REALIZARSE EN EL MEDANO HISTORICO DE PASO DE LA PATRIA, PROV. DE CORRIENTES, EL 1 Y 2 DE JUNIO DE 2024."	10/05/2024	40/2024	VISCHI, EDUARDO ALEJANDRO - VALENZUELA, MERCEDES GABRIELA	DE EDUCACIÓN Y CULTURA				
807	2024	PL	S	LOSADA Y OTROS: PROYECTO DE LEY QUE PROMUEVE LA PREVENCION DE LA LUDOPATIA.	10/05/2024	40/2024	LOSADA, CAROLINA	DE SALUD	DE LEGISLACIÓN GENERAL	DE JUSTICIA Y ASUNTOS PENALES		
805	2024	PD	S	TERENZI: PROYECTO DE DECLARACION QUE EXPRESA BENEPLACITO POR EL NONAGESIMO ANIVERSARIO DE LA CREACION DE LA BIBLIOTECA POPULAR AGUSTIN ALVAREZ DE LA CDAD. DE TRELEW, PROV. DEL CHUBUT.	10/05/2024	40/2024	TERENZI, EDITH ELIZABETH	DE EDUCACIÓN Y CULTURA				
804	2024	PD	S	"KRONEBERGER Y OTROS: PROYECTO DE DECLARACION QUE DECLARA DE INTERES EL PROYECTO ""INCLUITE-INCLUI"", DESARROLLADO POR ALUMNOS DE 6TO AÑO DEL COLEGIO SANTA INES DE LA CDAD. DE GENERAL PICO, PROV. DE LA PAMPA."	10/05/2024	40/2024	KRONEBERGER, DANIEL RICARDO	DE EDUCACIÓN Y CULTURA				
803	2024	PL	S	KRONEBERGER Y OTROS: PROYECTO DE LEY QUE REGULA LA PUBLICIDAD DE LOS JUEGOS DE AZAR ONLINE EN TODOS LOS MEDIOS DE COMUNICACION.	10/05/2024	40/2024	KRONEBERGER, DANIEL RICARDO	DE SALUD	DE LEGISLACIÓN GENERAL	DE JUSTICIA Y ASUNTOS PENALES		
802	2024	PL	S	KRONEBERGER Y OTROS: PROYECTO DE LEY QUE ESTABLECE LA OBLIGATORIEDAD DE IMPLEMENTAR EN ESPACIOS Y EDIFICIOS PÚBLICOS DEL PAIS SEÑALETICA INCLUSIVA.	10/05/2024	40/2024	KRONEBERGER, DANIEL RICARDO	DE POBLACIÓN Y DESARROLLO  HUMANO				
800	2024	PD	S	"TAGLIAFERRI: PROYECTO DE DECLARACION QUE DECLARA DE INTERES EL ""IV CONGRESO ITALIA ARGENTINA DE MEDICINA DEL TRABAJO Y I ENCUENTRO AMERICA LATINA - ITALIA DE MEDICINA DEL TRABAJO"", EN LA CDAD. DE ROMA, ITALIA, DEL 13 AL 15 DE JUNIO DE 2024."	09/05/2024	40/2024		DE SALUD				
798	2024	PD	S	DURE: PROYECTO DE DECLARACION QUE EXPRESA BENEPLACITO POR EL DIA MUNDIAL DE LA HEMOFILIA, A CELEBRARSE EL 17 DE ABRIL DE CADA AÑO.	08/05/2024	40/2024		DE SALUD				
797	2024	PD	S	DURE: PROYECTO DE DECLARACIÓN QUE ADHIERE AL DIA INTERNACIONAL DE LA LUCHA CONTRA EL MALTRATO INFANTIL, EL 25 DE ABRIL DE CADA AÑO.	08/05/2024	40/2024		DE POBLACIÓN Y DESARROLLO  HUMANO				
796	2024	PD	S	DURE: PROYECTO DE DECLARACIÓN QUE EXPRESA BENEPLÁCITO POR EL DIA MUNDIAL DE LA LUCHA CONTRA EL CÁNCER DE OVARIO, EL 8 DE MAYO DE CADA AÑO.	08/05/2024	40/2024		DE SALUD				
793	2024	PR	S	BENSUNSAN: PROYECTO DE RESOLUCION QUE MODIFICA EL REGLAMENTO DE ESTA H. CÁMARA DE SENADORES, SOBRE PLIEGOS DE ACUERDOS.	08/05/2024	39/2024	BENSUSÁN, DANIEL PABLO	DE ASUNTOS CONSTITUCIONALES				
791	2024	PD	S	DURE: PROYECTO DE DECLARACION QUE EXPRESA BENEPLACITO POR EL 40° ANIVERSARIO DE LA CREACION DE LA COMUNIDAD HOMOSEXUAL ARGENTINA (CHA), EL 16 DE ABRIL DE 2024.	08/05/2024	39/2024		BANCA DE LA MUJER	BANCA DE LA MUJER			
790	2024	PD	S	"DURE: PROYECTO DE DECLARACION QUE DECLARA DE INTERES EL FESTIVAL FEDERAL ""ELIJO CRECER"" EN DEFENSA DE LA CIENCIA Y LA TECNOLOGIA, QUE SE LLEVO A CABO EL 6 Y 7 DE ABRIL DE 2024."	08/05/2024	39/2024		DE CIENCIA Y TECNOLOGÍA				
789	2024	PD	S	DURE: PROYECTO DE DECLARACION QUE EXPRESA BENEPLACITO POR EL DIA MUNDIAL DE LA SALUD MENTAL INFANTIL Y ADOLESCENTE, A CELEBRARSE EL 23 DE ABRIL DE CADA AÑO.	08/05/2024	39/2024		DE SALUD				
782	2024	PD	S	TERENZI: PROYECTO DE DECLARACION QUE DECLARA DE INTERES LA 40° FERIA PROVINCIAL DEL LIBRO Y 20° FERIA PATAGONICA, QUE SE REALIZARAN DE MANERA SIMULTANEA EN LA CDAD. DE GAIMAN, PROV. DEL CHUBUT, DEL 6 AL 9 DE JUNIO DE 2024.	07/05/2024	39/2024	TERENZI, EDITH ELIZABETH	DE EDUCACIÓN Y CULTURA				
780	2024	PC	S	DE PEDRO Y OTROS: PROYECTO DE COMUNICACIÓN QUE SOLICITA INFORME SOBRE EL PLAN NACIONAL DE PREVENCION DEL EMBARAZO NO INTENCIONAL EN LA ADOLESCENCIA (ENIA).	07/05/2024	39/2024	DE PEDRO, EDUARDO ENRIQUE	DE SALUD				
777	2024	PC	S	GARCIA LARRABURU Y OTROS: PROYECTO DE COMUNICACIÓN QUE RECHAZA LOS ANUNCIOS DE CIERRE DE LA UNIDAD DE EXTENSION INTI BARILOCHE, EN LA CDAD. HOMONIMA, PROV. DE RIO NEGRO Y SOLICITA INFORME SOBRE EL MENCIONADO ORGANISMO.	06/05/2024	39/2024	LÓPEZ, CÁNDIDA CRISTINA	DE CIENCIA Y TECNOLOGÍA				
776	2024	PC	S	UÑAC: PROYECTO DE COMUNICACIÓN QUE SOLICITA LA REGLAMENTACION DE LOS ARTICULOS 41° Y 42° DE LA LEY 20.665- DEPORTE-.	06/05/2024	39/2024	UÑAC, SERGIO MAURICIO	DE ASUNTOS CONSTITUCIONALES				
775	2024	PL	S	TERENZI Y OTROS: PROYECTO DE LEY QUE CREA EL SISTEMA ARGENTINO DE TRAZABILIDAD DE LA PESCA Y LA ACUICULTURA.	06/05/2024	39/2024	TERENZI, EDITH ELIZABETH	DE AGRICULTURA, GANADERÍA Y PESCA	DE AMBIENTE Y DESARROLLO SUSTENTABLE	DE JUSTICIA Y ASUNTOS PENALES		
774	2024	PD	S	LOPEZ C.: PROYECTO DE DECLARACIÓN QUE REPUDIA LAS DECLARACIONES REALIZADAS POR EL PRESIDENTE DE LA NACIÓN, JAVIER MILEI, EN UNA ENTREVISTA OTORGADA A LA BBC, RESPECTO A LA VISITA DEL SEC. DE ESTADO PARA ASUNTOS EXTERIORES, MANCOMUNIDAD Y DESARROLLO DEL REINO UNIDO, A LAS ISLAS MALVINAS.	06/05/2024	39/2024	LÓPEZ, CÁNDIDA CRISTINA	DE ASUNTOS CONSTITUCIONALES				
773	2024	PD	S	DURE Y OTROS: PROYECTO DE DECLARACIÓN QUE REPUDIA LAS DECLARACIONES REALIZADAS POR EL PRESIDENTE DE LA NACIÓN, JAVIER MILEI, PARA LA BBC, MANIFESTANDO SU ADMIRACIÓN POR MARGARET THATCHER.	06/05/2024	38/2024	LÓPEZ, CÁNDIDA CRISTINA	DE ASUNTOS CONSTITUCIONALES				
772	2024	PC	S	GIMENEZ NAVARRO Y OTROS: PROYECTO DE COMUNICACIÓN QUE SOLICITA INFORME SOBRE DIVERSOS PUNTOS RELACIONADOS AL CONVENIO ENTRE EL MINISTERIO DE CAPITAL HUMANO Y EL INSTITUTO NACIONAL DE TECNOLOGÍA AGROPECUARIA (INTA), PARA FINANCIAR EL PROGRAMA PROHUERTA.	03/05/2024	38/2024	GIMÉNEZ NAVARRO, MARÍA CELESTE	DE AGRICULTURA, GANADERÍA Y PESCA				
771	2024	PL	S	"GIMENEZ: PROYECTO DE LEY QUE INSTITUYE EL DIA 21 DE JULIO DE CADA AÑO, COMO EL ""DIA NACIONAL DE CONCIENTIZACION Y PREVENCION DEL DENGUE""."	02/05/2024	38/2024		DE SALUD	DE EDUCACIÓN Y CULTURA			
769	2024	PD	S	ZIMMERMANN: PROYECTO DE DECLARACION QUE ADHIERE AL DIA DEL DOCENTE UNIVERSITARIO, A CONMEMORARSE EL 15 DE MAYO DE 2024.	02/05/2024	38/2024		DE EDUCACIÓN Y CULTURA				
768	2024	PD	S	ZIMMERMANN: PROYECTO DE DECLARACION QUE ADHIERE A LA CONMEMORACION DEL DIA INTERNACIONAL DE LAS FAMILIAS, A CELEBRARSE EL 15 DE MAYO DE CADA AÑO.	02/05/2024	38/2024		DE POBLACIÓN Y DESARROLLO  HUMANO				
760	2024	PD	S	"VISCHI: PROYECTO DE DECLARACIÓN QUE DECLARA DE INTERÉS LA MINISERIE DOCUMENTAL CORRENTINA LLAMADA ""CHAMAMECERO: NUESTRA MANERA DE SER""."	02/05/2024	38/2024	VISCHI, EDUARDO ALEJANDRO	DE EDUCACIÓN Y CULTURA				
758	2024	PD	S	LEAVY: PROYECTO DE DECLARACIÓN QUE EXPRESA BENEPLÁCITO POR EL 52 ANIVERSARIO DE LA CREACIÓN DE LA UNIVERSIDAD NACIONAL DE SALTA, EL 11 DE MAYO DE 2024.	02/05/2024	38/2024		DE EDUCACIÓN Y CULTURA				
757	2024	PD	S	LEAVY: PROYECTO DE DECLARACIÓN QUE RINDE HOMENAJE AL PADRE CARLOS MUGICA, COMO INTEGRANTE DE LOS SACERDOTES PARA EL TERCER MUNDO, QUIEN FUERA ULTIMADO EL 11 DE MAYO DE 1974.	02/05/2024	38/2024		DE EDUCACIÓN Y CULTURA				
756	2024	PL	S	FERNANDEZ SAGASTI: PROYECTO DE LEY SOBRE EL PROCEDIMIENTO DE RESTITUCIÓN INTERPROVINCIAL DE NIÑAS, NIÑOS Y ADOLESCENTES.	02/05/2024	38/2024	FERNÁNDEZ SAGASTI, ANABEL	DE LEGISLACIÓN GENERAL	DE JUSTICIA Y ASUNTOS PENALES	DE POBLACIÓN Y DESARROLLO  HUMANO		
755	2024	PL	S	FERNANDEZ SAGASTI: PROYECTO DE LEY QUE INCORPORA EL INCISO H) DEL ART. 92 DE SU SIMILAR 26.206- EDUCACIÓN NACIONAL-, INCORPORANDO A LA     EDUCACIÓN VIAL OBLIGATORIA EN LOS DISTINTOS NIVELES EDUCATIVOS DE GESTIÓN PÚBLICA Y PRIVADA.	02/05/2024	38/2024	FERNÁNDEZ SAGASTI, ANABEL	DE EDUCACIÓN Y CULTURA	DE EDUCACIÓN Y CULTURA			
754	2024	PL	S	FERNANDEZ SAGASTI: PROYECTO DE LEY QUE GARANTIZA A LAS PERSONAS CON DISCAPACIDAD EL DERECHO DE ACCESO A LA INFORMACIÓN ADECUADA DE LOS MEDICAMENTOS, PARA SU APROPIADA IDENTIFICACIÓN.	02/05/2024	38/2024	FERNÁNDEZ SAGASTI, ANABEL	DE SALUD	DE INDUSTRIA Y COMERCIO	DE JUSTICIA Y ASUNTOS PENALES		
753	2024	PL	S	FERNANDEZ SAGASTI: PROYECTO DE LEY QUE MODIFICA SU SIMILAR 24.449 - LEY DE TRANSITO-, INCORPORANDO EL ART. 68 BIS - LIMITES A LA EXCLUSION DE COBERTURA-.	02/05/2024	36/2024	FERNÁNDEZ SAGASTI, ANABEL	DE INFRAESTRUCTURA, VIVIENDA Y TRANSPORTE				
752	2024	PL	S	FERNANDEZ SAGASTI: PROYECTO DE LEY QUE MODIFICA EL CÓDIGO PENAL, EN LO RELATIVO A DELITOS DE HOMICIDIO CULPOSO Y LESIONES CULPOSAS COMETIDOS POR LA CONDUCCION DE UN VEHICULO CON MOTOR.	02/05/2024	36/2024	FERNÁNDEZ SAGASTI, ANABEL	DE JUSTICIA Y ASUNTOS PENALES				
751	2024	PL	S	"FERNANDEZ SAGASTI: PROYECTO DE LEY QUE INSTITUYE EL 5 DE SEPTIEMBRE DE CADA AÑO, COMO EL ""DIA NACIONAL DE LA MUJER INDÍGENA""."	02/05/2024	36/2024	FERNÁNDEZ SAGASTI, ANABEL	BANCA DE LA MUJER				
749	2024	PL	S	BENSUSAN: PROYECTO DE LEY QUE AMPLÍA LA PRESTACIÓN ALIMENTAR CREADA EN EL MARCO DEL PLAN NACIONAL ARGENTINA CONTRA EL HAMBRE HASTA LOS DIECISIETE AÑOS DE EDAD INCLUSIVE.	02/05/2024	36/2024	BENSUSÁN, DANIEL PABLO	DE POBLACIÓN Y DESARROLLO  HUMANO				
746	2024	PL	S	FERNANDEZ SAGASTI: REPRODUCE PROYECTO DE LEY QUE CREA EL PROGRAMA NACIONAL DE EMPLEO MINIMO GARANTIZADO. (REF. S. 371/22)	30/04/2024	36/2024	FERNÁNDEZ SAGASTI, ANABEL	DE TRABAJO Y PREVISIÓN SOCIAL	DE PRESUPUESTO Y HACIENDA			
745	2024	PL	S	FERNANDEZ SAGASTI: REPRODUCE PROYECTO DE LEY QUE MODIFICA EL CODIGO CIVIL Y COMERCIAL DE LA NACION, RESPECTO DE INCORPORAR LA GESTACION POR SUSTITUCION COMO UNA DE LAS TECNICAS DE REPRODUCCION HUMANA ASISTIDA. (REF. S. 1038/22)	30/04/2024	36/2024	FERNÁNDEZ SAGASTI, ANABEL	DE LEGISLACIÓN GENERAL	DE SALUD			
744	2024	PL	S	"FERNANDEZ SAGASTI: REPRODUCE PROYECTO DE LEY QUE CREA EL PROGRAMA ""CENTROS DE DIA PARA ADULTOS MAYORES EN SITUACION DE DEPENDENCIA"". (REF. S. 193/22)"	30/04/2024	36/2024	FERNÁNDEZ SAGASTI, ANABEL	DE LEGISLACIÓN GENERAL	DE PRESUPUESTO Y HACIENDA			
743	2024	PL	S	FERNANDEZ SAGASTI: REPRODUCE PROYECTO DE LEY QUE CREA EL PROGRAMA NACIONAL INTEGRADO DE CUIDADOS Y APOYOS A PERSONAS EN SITUACION DE DEPENDENCIA. (REF. S. 194/22)	30/04/2024	36/2024	FERNÁNDEZ SAGASTI, ANABEL	DE LEGISLACIÓN GENERAL	DE PRESUPUESTO Y HACIENDA			
742	2024	PL	S	FERNANDEZ SAGASTI: REPRODUCE PROYECTO DE LEY DE PROTECCION Y PROMOCION DE LOS DERECHOS DE PERSONAS ADULTAS MAYORES. (REF. S. 192/22)	30/04/2024	36/2024	FERNÁNDEZ SAGASTI, ANABEL	DE LEGISLACIÓN GENERAL	DE PRESUPUESTO Y HACIENDA			
740	2024	PL	S	FERNANDEZ SAGASTI: REPRODUCE PROYECTO DE LEY QUE INSTITUYE EL 29 DE JUNIO DE CADA AÑO COMO EL DIA NACIONAL DE LA LUCHA CONTRA LA LEUCEMIA. (REF. S. 1922/22)	30/04/2024	36/2024	FERNÁNDEZ SAGASTI, ANABEL	DE SALUD	DE EDUCACIÓN Y CULTURA			
739	2024	PL	S	"FERNANDEZ SAGASTI: REPRODUCE PROYECTO DE LEY QUE CREA EL ""PROGRAMA DE JORNADA EDUCATIVA NOCTURNA"", (REF. S. 1919/22)"	30/04/2024	36/2024	FERNÁNDEZ SAGASTI, ANABEL	DE EDUCACIÓN Y CULTURA	DE PRESUPUESTO Y HACIENDA			
738	2024	PL	S	FERNANDEZ SAGASTI: REPRODUCE PROYECTO DE LEY SOBRE RESTITUCIÓN DE LEGAJOS PERSONALES A SOBREVIVIENTES, FAMILIARES, HEREDEROS Y/O DERECHOHABIENTES, REPARADOS DE DOCENTES, NO DOCENTES, GRADUADOS Y ALUMNOS VICTIMAS DE LAS DICTADURAS. (REF. S. 1918/22)	30/04/2024	36/2024	FERNÁNDEZ SAGASTI, ANABEL	DE EDUCACIÓN Y CULTURA	DE PRESUPUESTO Y HACIENDA			
736	2024	PL	S	FERNANDEZ SAGASTI: REPRODUCE PROYECTO DE LEY QUE INSTITUYE EL 21 DE MARZO DE CADA AÑO COMO EL DIA NACIONAL DEL SINDROME DE DOWN. (REF. S. 1924/22)	30/04/2024	36/2024	FERNÁNDEZ SAGASTI, ANABEL	DE SALUD	DE EDUCACIÓN Y CULTURA			
733	2024	PL	S	FERNANDEZ SAGASTI: REPRODUCE PROYECTO DE LEY DE ACCESIBILIDAD DE BILLETES Y MONEDAS DE CURSO LEGAL. (REF. S. 2042/22)	30/04/2024	35/2024	FERNÁNDEZ SAGASTI, ANABEL	DE ECONOMÍA NACIONAL E INVERSIÓN	DE PRESUPUESTO Y HACIENDA			
731	2024	PL	S	FERNANDEZ SAGASTI: REPRODUCE PROYECTO DE LEY QUE MODIFICA SU SIMILAR 11.723 -PROPIEDAD INTELECTUAL-, SOBRE EL DERECHO DE PARTICIPACION DEL AUTOR DE OBRAS ORIGINALES EN CADA REVENTA POSTERIOR. (REF. S. 3188/22)	30/04/2024	35/2024	FERNÁNDEZ SAGASTI, ANABEL	DE LEGISLACIÓN GENERAL				
729	2024	PL	S	FAMA Y OTROS: PROYECTO DE LEY SOBRE ESTÍMULO AL DESARROLLO PRODUCTIVO DE LA PUNA ARGENTINA.	30/04/2024	35/2024	FAMA, FLAVIO SERGIO	DE ECONOMÍAS REGIONALES, ECONOMÍA SOCIAL, MICRO, PEQUEÑA Y MEDIANA EMPRESA	DE PRESUPUESTO Y HACIENDA			
728	2024	PD	S	CRISTINA: PROYECTO DE DECLARACION QUE EXPRESA BENEPLÁCITO POR EL 50° ANIVERSARIO DE LA CREACIÓN DE LA UNIVERSIDAD NACIONAL DE LA PATAGONIA SAN JUAN BOSCO, EL 4 DE MAYO DE 2024.	30/04/2024	35/2024	CRISTINA, ANDREA MARCELA	DE EDUCACIÓN Y CULTURA				
727	2024	PD	S	CRISTINA: PROYECTO DE DECLARACION QUE EXPRESA BENEPLÁCITO POR EL ANIVERSARIO DEL PLEBISCITO DEL 30 DE ABRIL DE 1902, RECONOCIENDO A LOS POBLADORES QUE HABITABAN EN EL VALLE 16 DE OCTUBRE, EN LA PROV. DEL CHUBUT.	30/04/2024	35/2024	CRISTINA, ANDREA MARCELA	DE EDUCACIÓN Y CULTURA				
726	2024	PD	S	GIMENEZ: PROYECTO DE DECLARACION QUE EXPRESA PREOCUPACIÓN POR LA CONTINUIDAD DE LOS ORGANISMOS CULTURALES DEL ESTADO ARGENTINO.	30/04/2024	35/2024		DE EDUCACIÓN Y CULTURA				
725	2024	PL	S	GIMENEZ: PROYECTO DE LEY DE EQUIDAD DE GÉNERO EN LA CORTE SUPREMA DE JUSTICIA DE LA NACIÓN.	30/04/2024	35/2024		DE ASUNTOS CONSTITUCIONALES	DE JUSTICIA Y ASUNTOS PENALES			
723	2024	PC	S	SILVA: PROYECTO DE COMUNICACIÓN QUE SOLICITA INFORME SOBRE DIVERSOS PUNTOS RELACIONADOS AL PUENTE DE LA RUTA NACIONAL N° 22, QUE CRUZA EL RIO COLORADO Y CONECTA LA LOC. HOMÓNIMA EN LA PROV. DE RIO NEGRO, CON LA LOC. DE LA ADELA, PROV. DE LA PAMPA.	30/04/2024	35/2024		DE INFRAESTRUCTURA, VIVIENDA Y TRANSPORTE				
719	2024	PL	S	AVILA: PROYECTO DE LEY QUE DISPONE LA REALIZACION DE UNA CAMPAÑA AMBULATORIA DESTINADA A LA PREVENCIÓN DE LA AMBLIOPIA.	30/04/2024	35/2024	AVILA, BEATRIZ LUISA	DE SALUD				
717	2024	PC	S	DE PEDRO Y OTROS: PROYECTO DE COMUNICACIÓN QUE SOLICITA INFORME SOBRE LA COMPRA Y PROVISIÓN DE MEDICAMENTOS Y/O PRÓTESIS, PARA PACIENTES EN SITUACIÓN DE VULNERABILIDAD QUE PRESENTEN PROBLEMAS AGUDOS O GRAVES DE SALUD CON RIESGO DE VIDA, - ENFERMEDAD TERMINAL O PATOLOGÍA GRAVE-, INCLUYENDO PACIE	29/04/2024	35/2024	DE PEDRO, EDUARDO ENRIQUE	DE SALUD				
714	2024	PD	S	ABDALA Y SALINO: PROYECTO DE DECLARACION QUE DECLARA DE INTERES LAS FESTIVIDADES RELIGIOSAS, A REALIZARSE EN LAS LOC. DE VILLA DE RENCA Y VILLA DE LA QUEBRADA, PROV. DE SAN LUIS, DEL 1º AL 3 DE MAYO DE CADA AÑO.	26/04/2024	35/2024	ABDALA, BARTOLOMÉ ESTEBAN - SALINO, FERNANDO ALDO	DE EDUCACIÓN Y CULTURA				
713	2024	PL	S	PARRILLI Y OTROS: PROYECTO DE LEY DE TRANSPARENCIA DE SOCIEDADES POR ACCIONES SIMPLIFICADAS (SAS).	26/04/2024	35/2024	CORPACCI, LUCÍA BENIGNA	DE LEGISLACIÓN GENERAL				
712	2024	PL	S	PARRILLI Y OTROS: PROYECTO DE LEY SOBRE MODIFICACION DEL REGIMEN DE PROMOCION DE LA LEY DE ECONOMIA DEL CONOCIMIENTO.	26/04/2024	34/2024	LINARES, CARLOS ALBERTO	DE ECONOMÍA NACIONAL E INVERSIÓN	DE PRESUPUESTO Y HACIENDA			
